"","nuts3_id","nuts3","foreign","total","prop","catprop"
"1","UKD35","Greater Manchester South East",1922,1922,1,">0.7"
"2","UKD37","Greater Manchester North East",982,982,1,">0.7"
"3","UKD41","Blackburn with Darwen",498,498,1,">0.7"
"4","UKD72","Liverpool",507,507,1,">0.7"
"5","UKD74","Wirral",8961,8961,1,">0.7"
"6","UKE42","Leeds",3965,3965,1,">0.7"
"7","UKE44","Calderdale and Kirklees",6994,6994,1,">0.7"
"8","UKH24","Bedford",1473,1473,1,">0.7"
"9","UKH32","Thurrock",2993,2993,1,">0.7"
"10","UKH35","West Essex",1224,1224,1,">0.7"
"11","UKI41","Hackney and Newham",1214,1214,1,">0.7"
"12","UKI42","Tower Hamlets",3040,3040,1,">0.7"
"13","UKI52","Barking & Dagenham and Havering",1732,1732,1,">0.7"
"14","UKJ34","Isle of Wight",504,504,1,">0.7"
"15","UKJ35","South Hampshire",8578,8578,1,">0.7"
"16","UKK21","Bournemouth and Poole",1077,1077,1,">0.7"
"17","UKK42","Torbay",1562,1562,1,">0.7"
"18","UKL11","Isle of Anglesey",10,10,1,">0.7"
"19","UKM21","Angus and Dundee City",598,598,1,">0.7"
"20","UKM23","East Lothian and Midlothian",5149,5149,1,">0.7"
"21","UKM37","South Ayrshire",787,787,1,">0.7"
"22","UKI32","Westminster",16680,16681,0.999940051555662,">0.7"
"23","UKH12","Cambridgeshire CC",42534,42537,0.999929473164539,">0.7"
"24","UKG22","Shropshire CC",13878,13879,0.999927948699474,">0.7"
"25","UKM27","Perth & Kinross and Stirling",65886,65891,0.999924117102487,">0.7"
"26","UKD61","Warrington",24155,24157,0.999917208262615,">0.7"
"27","UKD62","Cheshire East",11613,11614,0.999913897020837,">0.7"
"28","UKJ32","Southampton",42717,42721,0.99990636923293,">0.7"
"29","UKG38","Walsall",9818,9819,0.999898156635095,">0.7"
"30","UKF14","Nottingham",57570,57576,0.999895789912464,">0.7"
"31","UKL15","Central Valleys",27929,27932,0.999892596305313,">0.7"
"32","UKJ12","Milton Keynes",34890,34894,0.999885367111824,">0.7"
"33","UKJ31","Portsmouth",24079,24082,0.999875425629101,">0.7"
"34","UKG33","Coventry",34687,34692,0.999855874553211,">0.7"
"35","UKC23","Sunderland",13349,13351,0.999850198487005,">0.7"
"36","UKJ11","Berkshire",69035,69046,0.999840685919532,">0.7"
"37","UKD33","Manchester",204239,204277,0.999813978078785,">0.7"
"38","UKG12","Worcestershire",31632,31638,0.999810354636829,">0.7"
"39","UKE31","Barnsley, Doncaster and Rotherham",75728,75743,0.999801961897469,">0.7"
"40","UKL18","Swansea",14877,14880,0.999798387096774,">0.7"
"41","UKM28","West Lothian",43223,43233,0.999768695209678,">0.7"
"42","UKF25","North Northamptonshire",4155,4156,0.999759384023099,">0.7"
"43","UKD47","Chorley and West Lancashire",8248,8250,0.999757575757576,">0.7"
"44","UKH31","Southend-on-Sea",4003,4004,0.99975024975025,">0.7"
"45","UKG31","Birmingham",102520,102546,0.999746455249351,">0.7"
"46","UKI54","Enfield",19289,19294,0.999740852078366,">0.7"
"47","UKJ14","Oxfordshire",88295,88319,0.999728257792774,">0.7"
"48","UKM63","Lochaber, Skye & Lochalsh, Arran & Cumbrae and Argyll & Bute",40424,40436,0.99970323474132,">0.7"
"49","UKK11","Bristol, City of",102987,103018,0.999699081713875,">0.7"
"50","UKJ46","West Kent",9929,9932,0.999697946033025,">0.7"
"51","UKK14","Swindon",25963,25971,0.999691964113819,">0.7"
"52","UKF21","Leicester",43638,43652,0.999679281590763,">0.7"
"53","UKE32","Sheffield",55002,55020,0.999672846237732,">0.7"
"54","UKK41","Plymouth",26996,27005,0.999666728383633,">0.7"
"55","UKC22","Tyneside",14535,14540,0.999656121045392,">0.7"
"56","UKI75","Hounslow and Richmond upon Thames",13821,13826,0.999638362505425,">0.7"
"57","UKI62","Croydon",16340,16346,0.999632937721767,">0.7"
"58","UKE45","Wakefield",18528,18535,0.999622336120852,">0.7"
"59","UKE41","Bradford",5161,5163,0.99961262831687,">0.7"
"60","UKJ26","East Surrey",7524,7527,0.999601434834595,">0.7"
"61","UKD63","Cheshire West and Chester",22978,22988,0.999564990429789,">0.7"
"62","UKF30","Lincolnshire",27202,27214,0.999559050488719,">0.7"
"63","UKH17","Breckland and South Norfolk",26194,26206,0.999542089597802,">0.7"
"64","UKD45","Mid Lancashire",8446,8450,0.999526627218935,">0.7"
"65","UKK22","Dorset CC",28430,28444,0.99950780480945,">0.7"
"66","UKJ13","Buckinghamshire CC",22336,22347,0.99950776390567,">0.7"
"67","UKD36","Greater Manchester North West",1965,1966,0.999491353001017,">0.7"
"68","UKD34","Greater Manchester South West",9745,9750,0.999487179487179,">0.7"
"69","UKD73","Sefton",88260,88306,0.999479084093946,">0.7"
"70","UKG39","Wolverhampton",16917,16926,0.999468273661822,">0.7"
"71","UKG32","Solihull",11105,11111,0.999459994599946,">0.7"
"72","UKK13","Gloucestershire",87773,87821,0.999453433688981,">0.7"
"73","UKM33","East Ayrshire and North Ayrshire mainland",1815,1816,0.999449339207048,">0.7"
"74","UKE22","North Yorkshire CC",30781,30798,0.999448016104942,">0.7"
"75","UKI34","Wandsworth",25285,25299,0.999446618443417,">0.7"
"76","UKD71","East Merseyside",16119,16128,0.999441964285714,">0.7"
"77","UKH21","Luton",31872,31890,0.999435559736595,">0.7"
"78","UKF11","Derby",1750,1751,0.999428897772701,">0.7"
"79","UKC14","Durham CC",24319,24333,0.999424649652735,">0.7"
"80","UKI43","Haringey and Islington",5189,5192,0.99942218798151,">0.7"
"81","UKD46","East Lancashire",5083,5086,0.999410145497444,">0.7"
"82","UKM34","Glasgow City",85184,85235,0.999401654250015,">0.7"
"83","UKM25","Edinburgh, City of",52718,52750,0.99939336492891,">0.7"
"84","UKK12","Bath and North East Somerset, North Somerset and South Gloucestershire",14652,14661,0.99938612645795,">0.7"
"85","UKG37","Sandwell",8086,8091,0.9993820294154,">0.7"
"86","UKL12","Gwynedd",3177,3179,0.99937087134319,">0.7"
"87","UKD42","Blackpool",4686,4689,0.999360204734485,">0.7"
"88","UKF15","North Nottinghamshire",87232,87288,0.999358445605352,">0.7"
"89","UKE12","East Riding of Yorkshire",1513,1514,0.999339498018494,">0.7"
"90","UKF22","Leicestershire CC and Rutland",10310,10317,0.999321508190365,">0.7"
"91","UKL17","Bridgend and Neath Port Talbot",4313,4316,0.999304911955514,">0.7"
"92","UKI72","Brent",4144,4147,0.999276585483482,">0.7"
"93","UKH15","Norwich and East Norfolk",6764,6769,0.99926133845472,">0.7"
"94","UKH23","Hertfordshire",36846,36874,0.999240657373759,">0.7"
"95","UKI31","Camden and City of London",2469,2471,0.999190611088628,">0.7"
"96","UKC13","Darlington",16547,16561,0.999154640420264,">0.7"
"97","UKG36","Dudley",13813,13825,0.999132007233273,">0.7"
"98","UKJ41","Medway",1110,1111,0.999099909990999,">0.7"
"99","UKF24","West Northamptonshire",41328,41366,0.999081371174394,">0.7"
"100","UKL23","Flintshire and Wrexham",20333,20352,0.99906643081761,">0.7"
"101","UKI73","Ealing",9295,9304,0.999032674118659,">0.7"
"102","UKH14","Suffolk",44235,44280,0.998983739837398,">0.7"
"103","IE021","Dublin",147878,148029,0.998979929608388,">0.7"
"104","UKL22","Cardiff and Vale of Glamorgan",69905,69983,0.998885443607733,">0.7"
"105","UKE21","York",85158,85261,0.998791944734404,">0.7"
"106","UKE13","North and North East Lincolnshire",13119,13135,0.998781880472021,">0.7"
"107","UKM66","Shetland Islands",1591,1593,0.998744507219083,">0.7"
"108","UKL13","Conwy and Denbighshire",5375,5382,0.998699368264586,">0.7"
"109","UKJ43","Kent Thames Gateway",17860,17884,0.998658018340416,">0.7"
"110","UKI45","Lambeth",8518,8530,0.998593200468933,">0.7"
"111","UKJ45","Mid Kent",106630,106787,0.99852978358789,">0.7"
"112","UKL16","Gwent Valleys",6491,6501,0.998461775111521,">0.7"
"113","UKI61","Bromley",11148,11166,0.998387963460505,">0.7"
"114","UKH11","Peterborough",26661,26705,0.998352368470324,">0.7"
"115","UKL14","South West Wales",13548,13571,0.998305209638199,">0.7"
"116","UKD11","West Cumbria",5856,5866,0.998295260825094,">0.7"
"117","UKD12","East Cumbria",4577,4585,0.998255179934569,">0.7"
"118","UKL24","Powys",9096,9112,0.998244073748903,">0.7"
"119","UKH25","Central Bedfordshire",5655,5665,0.998234774933804,">0.7"
"120","UKF12","East Derbyshire",3125,3131,0.998083679335676,">0.7"
"121","UKM26","Falkirk",16063,16094,0.998073816329067,">0.7"
"122","UKK23","Somerset",35924,35997,0.997972053226658,">0.7"
"123","UKE11","Kingston upon Hull, City of",951,953,0.997901364113326,">0.7"
"124","UKF13","South and West Derbyshire",15907,15942,0.997804541462803,">0.7"
"125","UKH16","North and West Norfolk",4532,4542,0.997798326728313,">0.7"
"126","UKJ37","North Hampshire",9928,9954,0.997387984729757,">0.7"
"127","UKH37","Essex Thames Gateway",11163,11193,0.997319753417314,">0.7"
"128","UKJ22","East Sussex CC",19845,19904,0.99703577170418,">0.7"
"129","UKG23","Stoke-on-Trent",333,334,0.997005988023952,">0.7"
"130","UKI44","Lewisham and Southwark",3586,3597,0.996941896024465,">0.7"
"131","UKM24","Scottish Borders",1929,1935,0.996899224806202,">0.7"
"132","UKJ44","East Kent",22328,22408,0.996429846483399,">0.7"
"133","UKL21","Monmouthshire and Newport",11697,11739,0.996422182468694,">0.7"
"134","UKM62","Inverness & Nairn and Moray, Badenoch & Strathspey",41024,41183,0.996139183643737,">0.7"
"135","UKN02","Outer Belfast",11051,11094,0.996124031007752,">0.7"
"136","UKK15","Wiltshire CC",18807,18883,0.995975215802574,">0.7"
"137","UKM38","South Lanarkshire",121378,121873,0.99593839488648,">0.7"
"138","UKM35","Inverclyde, East Renfrewshire and Renfrewshire",2177,2186,0.995882891125343,">0.7"
"139","UKM36","North Lanarkshire",6719,6748,0.995702430349733,">0.7"
"140","UKK43","Devon CC",20837,20928,0.995651758409786,">0.7"
"141","UKM65","Orkney Islands",358,360,0.994444444444444,">0.7"
"142","UKH34","Essex Haven Gateway",17558,17660,0.994224235560589,">0.7"
"143","UKD44","Lancaster and Wyre",20952,21081,0.993880745695176,">0.7"
"144","UKJ27","West Sussex (South West)",54605,54953,0.993667315706149,">0.7"
"145","UKM61","Caithness & Sutherland and Ross & Cromarty",929,935,0.993582887700535,">0.7"
"146","UKC21","Northumberland",2499,2517,0.99284862932062,">0.7"
"147","UKI51","Bexley and Greenwich",5531,5574,0.992285611768927,">0.7"
"148","MT001","Malta",5510,5555,0.991899189918992,">0.7"
"149","UKG11","Herefordshire, County of",1692,1706,0.99179366940211,">0.7"
"150","UKI63","Merton, Kingston upon Thames and Sutton",18502,18666,0.991213971927569,">0.7"
"151","IE025","South-West (IE)",9584,9676,0.990491938817693,">0.7"
"152","IE012","Midland",13033,13161,0.990274295266317,">0.7"
"153","UKM50","Aberdeen City and Aberdeenshire",19941,20144,0.989922557585385,">0.7"
"154","IE024","South-East (IE)",5871,5931,0.989883662114315,">0.7"
"155","UKF16","South Nottinghamshire",9718,9818,0.989814626196781,">0.7"
"156","UKI71","Barnet",7969,8052,0.989692001987084,">0.7"
"157","UKM22","Clackmannanshire and Fife",2564,2591,0.989579313006561,">0.7"
"158","IE022","Mid-East",5401,5459,0.9893753434695,">0.7"
"159","UKM31","East Dunbartonshire, West Dunbartonshire and Helensburgh & Lomond",7402,7483,0.989175464385942,">0.7"
"160","UKI53","Redbridge and Waltham Forest",38465,38898,0.98886832227878,">0.7"
"161","UKJ21","Brighton and Hove",605,612,0.988562091503268,">0.7"
"162","IE023","Mid-West",5938,6008,0.988348868175766,">0.7"
"163","IE011","Border",15496,15679,0.988328337266407,">0.7"
"164","UKN05","West and South of Northern Ireland",24370,24793,0.982938732706812,">0.7"
"165","EL532","Καστοριά (Kastoria)",343,349,0.982808022922636,">0.7"
"166","UKG24","Staffordshire CC",76408,77994,0.979665102443778,">0.7"
"167","EL623","Ιθάκη, Κεφαλληνία (Ithaki, Kefallinia)",3051,3141,0.97134670487106,">0.7"
"168","UKI74","Harrow and Hillingdon",9324,9612,0.970037453183521,">0.7"
"169","IE013","West",6647,6902,0.963054187192118,">0.7"
"170","UKH36","Heart of Essex",492,514,0.957198443579767,">0.7"
"171","UKJ25","West Surrey",163923,171258,0.957169884034614,">0.7"
"172","UKM64","Eilean Siar (Western Isles)",13618,14303,0.952107949381249,">0.7"
"173","UKN04","North of Northern Ireland",114851,120914,0.94985692310237,">0.7"
"174","UKN03","East of Northern Ireland",33472,35463,0.943856977695062,">0.7"
"175","BE322","Arr. Charleroi",80118,85137,0.94104795799711,">0.7"
"176","UKJ28","West Sussex (North East)",3356,3580,0.937430167597765,">0.7"
"177","UKG13","Warwickshire",49420,53132,0.930136264398103,">0.7"
"178","MT002","Gozo and Comino / Għawdex u Kemmuna",561,605,0.927272727272727,">0.7"
"179","UKC12","South Teesside",2112,2303,0.917064698219713,">0.7"
"180","DE713","Offenbach am Main, Kreisfreie Stadt",1642,1834,0.895310796074155,">0.7"
"181","UKM32","Dumfries & Galloway",1040,1164,0.893470790378007,">0.7"
"182","EL301","Βόρειος Τομέας Αθηνών (Voreios Tomeas Athinon)",852,966,0.881987577639752,">0.7"
"183","RO121","Alba",7910,9225,0.857452574525745,">0.7"
"184","UKI33","Kensington & Chelsea and Hammersmith & Fulham",17450,20604,0.846922927586876,">0.7"
"185","UKN01","Belfast",57291,67876,0.844053862926513,">0.7"
"186","BE253","Arr. Ieper",40449,48313,0.837228075259247,">0.7"
"187","DE712","Frankfurt am Main, Kreisfreie Stadt",43250,51693,0.836670342212679,">0.7"
"188","RO125","Mureş",3318,4025,0.824347826086957,">0.7"
"189","UKG21","Telford and Wrekin",773,945,0.817989417989418,">0.7"
"190","HR048","Virovitičko-podravska županija",2567,3151,0.814662012059664,">0.7"
"191","EL422","Άνδρος, Θήρα, Κέα, Μήλος, Μύκονος, Νάξος, Πάρος, Σύρος, Τήνος (Andros, Thira, Kea, Milos, Mykonos, Naxos, Paros,  Syros, Tinos)",3236,4012,0.806580259222333,">0.7"
"192","PT16I","Médio Tejo",13849,17172,0.806487304914978,">0.7"
"193","EL307","Πειραιάς, Νήσοι (Peiraias, Nisoi)",273,342,0.798245614035088,">0.7"
"194","DE914","Gifhorn",8871,11132,0.796891843334531,">0.7"
"195","LU000","Luxembourg",20004,25208,0.793557600761663,">0.7"
"196","EL522","Θεσσαλονίκη (Thessaloniki)",1540,1967,0.782918149466192,">0.7"
"197","UKC11","Hartlepool and Stockton-on-Tees",1960,2519,0.778086542278682,">0.7"
"198","EL303","Κεντρικός Τομέας Αθηνών (Kentrikos Tomeas Athinon)",15553,20117,0.773127205845802,">0.7"
"199","HR032","Ličko-senjska županija",2630,3473,0.757270371436798,">0.7"
"200","DE71A","Main-Taunus-Kreis",7414,9793,0.757071377514551,">0.7"
"201","DE132","Breisgau-Hochschwarzwald",31228,41760,0.7477969348659,">0.7"
"202","DEC02","Merzig-Wadern",2163,2912,0.742788461538462,">0.7"
"203","PT119","Ave",9030,12173,0.741805635422657,">0.7"
"204","RO226","Vrancea",30282,40976,0.739017961733698,">0.7"
"205","DE278","Günzburg",6422,8695,0.738585393904543,">0.7"
"206","FR815","Pyrénées-Orientales",42927,58260,0.736817713697219,">0.7"
"207","UKJ36","Central Hampshire",7282,10016,0.727036741214057,">0.7"
"208","EL304","Νότιος Τομέας Αθηνών (Notios Tomeas Athinon)",251,349,0.71919770773639,">0.7"
"209","EL302","Δυτικός Τομέας Αθηνών (Dytikos Tomeas Athinon)",99,138,0.717391304347826,">0.7"
"210","RO113","Cluj",8772,12337,0.711031855394342,">0.7"
"211","DEB34","Ludwigshafen am Rhein, Kreisfreie Stadt",3147,4438,0.709103199639477,">0.7"
"212","DE125","Heidelberg, Stadtkreis",15216,22035,0.690537780803268,">0.6"
"213","HR045","Koprivničko-križevačka županija",2617,3854,0.679034769071095,">0.6"
"214","HR04E","Sisačko-moslavačka županija",2592,3819,0.678711704634721,">0.6"
"215","EL305","Ανατολική Αττική (Anatoliki Attiki)",469,697,0.672883787661406,">0.6"
"216","PT187","Alentejo Central",2351,3519,0.668087524865018,">0.6"
"217","EL645","Φωκίδα (Fokida)",6,9,0.666666666666667,">0.6"
"218","DE254","Nürnberg, Kreisfreie Stadt",34171,51604,0.662177350592977,">0.6"
"219","DE212","München, Kreisfreie Stadt",260757,395034,0.660087486140433,">0.6"
"220","BE321","Arr. Ath",3040,4625,0.657297297297297,">0.6"
"221","PT11A","Área Metropolitana do Porto",73528,112386,0.654245190682113,">0.6"
"222","","",6099456,9371122,0.650877877803746,">0.6"
"223","RO115","Satu Mare",438,674,0.649851632047478,">0.6"
"224","DE111","Stuttgart, Stadtkreis",113093,174872,0.646718742851915,">0.6"
"225","DE600","Hamburg",238517,368941,0.646490902339398,">0.6"
"226","DEA11","Düsseldorf, Kreisfreie Stadt",71935,112981,0.636699976102176,">0.6"
"227","DE122","Karlsruhe, Stadtkreis",27833,44168,0.630162108313711,">0.6"
"228","HR04D","Karlovačka županija",2655,4224,0.628551136363636,">0.6"
"229","DE252","Erlangen, Kreisfreie Stadt",13893,22125,0.62793220338983,">0.6"
"230","RO424","Timiş",4971,7944,0.625755287009063,">0.6"
"231","DE300","Berlin",245172,392594,0.624492478234512,">0.6"
"232","DE71D","Rheingau-Taunus-Kreis",3308,5303,0.62379785027343,">0.6"
"233","RO317","Teleorman",2253,3617,0.622891899364114,">0.6"
"234","DE234","Amberg-Sulzbach",891,1432,0.622206703910615,">0.6"
"235","DEA33","Münster, Kreisfreie Stadt",17465,28076,0.62206154722895,">0.6"
"236","DE21L","Starnberg",6549,10564,0.619935630443014,">0.6"
"237","DE21H","München, Landkreis",17974,29033,0.619088623290738,">0.6"
"238","DE211","Ingolstadt, Kreisfreie Stadt",9710,15753,0.616390528788167,">0.6"
"239","AT130","Wien",54316,88335,0.614886511575253,">0.6"
"240","DE271","Augsburg, Kreisfreie Stadt",17996,29340,0.613360599863667,">0.6"
"241","DE213","Rosenheim, Kreisfreie Stadt",4751,7749,0.61311136920893,">0.6"
"242","HR049","Požeško-slavonska županija",2631,4295,0.612572759022119,">0.6"
"243","DEB35","Mainz, Kreisfreie Stadt",18244,29848,0.611230233181453,">0.6"
"244","EL651","Αργολίδα, Αρκαδία (Argolida, Arkadia)",678,1112,0.609712230215827,">0.6"
"245","EL433","Ρεθύμνη (Rethymni)",316,519,0.608863198458574,">0.6"
"246","DEA23","Köln, Kreisfreie Stadt",66770,109959,0.60722632981384,">0.6"
"247","DE117","Heilbronn, Stadtkreis",8724,14404,0.605665093029714,">0.6"
"248","DE718","Hochtaunuskreis",1546,2562,0.603434816549571,">0.6"
"249","FR101","Paris",216411,360206,0.600797876770515,">0.6"
"250","DE919","Osterode am Harz",383,639,0.599374021909233,">0.5"
"251","BE100","Arr. de Bruxelles-Capitale / Arr. van Brussel-Hoofdstad",42365,71029,0.596446521843191,">0.5"
"252","HR043","Krapinsko-zagorska županija",2640,4440,0.594594594594595,">0.5"
"253","EL306","Δυτική Αττική (Dytiki Attiki)",121,204,0.593137254901961,">0.5"
"254","HR037","Dubrovačko-neretvanska županija",2743,4625,0.593081081081081,">0.5"
"255","DEA22","Bonn, Kreisfreie Stadt",20816,35129,0.592558854507672,">0.5"
"256","DE911","Braunschweig, Kreisfreie Stadt",12382,20928,0.59164755351682,">0.5"
"257","DE942","Emden, Kreisfreie Stadt",1465,2483,0.590012082158679,">0.5"
"258","UKK30","Cornwall and Isles of Scilly",4332,7357,0.588826967513932,">0.5"
"259","DE71C","Offenbach, Landkreis",9614,16366,0.587437370157644,">0.5"
"260","DE915","Göttingen",13400,22823,0.5871270209876,">0.5"
"261","RO224","Galaţi",1076,1833,0.587015821058374,">0.5"
"262","DE21E","Landsberg am Lech",940,1603,0.586400499064255,">0.5"
"263","HR04C","Vukovarsko-srijemska županija",2643,4509,0.586161011310712,">0.5"
"264","DEG03","Jena, Kreisfreie Stadt",8329,14210,0.586136523574947,">0.5"
"265","HU101","Budapest",48440,82921,0.584170475512838,">0.5"
"266","DE279","Neu-Ulm",3446,5928,0.581309041835358,">0.5"
"267","DE21F","Miesbach",2230,3838,0.581031787389265,">0.5"
"268","DE929","Region Hannover",71591,123950,0.57757966922146,">0.5"
"269","DE221","Landshut, Kreisfreie Stadt",4984,8643,0.576651625592965,">0.5"
"270","EL541","Άρτα, Πρέβεζα (Arta, Preveza)",34,59,0.576271186440678,">0.5"
"271","RO213","Iaşi",2176,3807,0.571578670869451,">0.5"
"272","FR231","Eure",51396,90212,0.569724648605507,">0.5"
"273","DE242","Bayreuth, Kreisfreie Stadt",5433,9554,0.568662340380992,">0.5"
"274","FR105","Hauts-de-Seine",118958,209445,0.567967724223543,">0.5"
"275","DEB22","Bernkastel-Wittlich",3959,6976,0.567517201834862,">0.5"
"276","DED41","Chemnitz, Kreisfreie Stadt",9593,16929,0.566660759643216,">0.5"
"277","NL326","Groot-Amsterdam",105913,187012,0.566343336256497,">0.5"
"278","DEA41","Bielefeld, Kreisfreie Stadt",16187,28627,0.565445209068362,">0.5"
"279","DE717","Groß-Gerau",6513,11571,0.562872698988851,">0.5"
"280","EL413","Χίος (Chios)",36,64,0.5625,">0.5"
"281","PT170","Área Metropolitana de Lisboa",116610,207535,0.561881128484352,">0.5"
"282","RO223","Constanţa",2200,3919,0.561367695840776,">0.5"
"283","DEB23","Eifelkreis Bitburg-Prüm",2509,4471,0.561171997316037,">0.5"
"284","DE116","Rems-Murr-Kreis",7554,13468,0.560885060885061,">0.5"
"285","DE142","Tübingen, Landkreis",2232,3981,0.560663149962321,">0.5"
"286","DE148","Ravensburg",7879,14075,0.559786856127886,">0.5"
"287","DEA2D","Städteregion Aachen",14858,26639,0.557753669432036,">0.5"
"288","DE251","Ansbach, Kreisfreie Stadt",2138,3837,0.55720615063852,">0.5"
"289","DEA24","Leverkusen, Kreisfreie Stadt",8794,15804,0.556441407238674,">0.5"
"290","HR046","Međimurska županija",2663,4792,0.555717863105175,">0.5"
"291","DE403","Frankfurt (Oder), Kreisfreie Stadt",5,9,0.555555555555556,">0.5"
"292","DEA1C","Mettmann",15455,27861,0.554718064678224,">0.5"
"293","DE115","Ludwigsburg",14753,26675,0.553064667291471,">0.5"
"294","DE263","Würzburg, Kreisfreie Stadt",11259,20416,0.551479231974922,">0.5"
"295","DEA52","Dortmund, Kreisfreie Stadt",25800,46798,0.551305611350912,">0.5"
"296","DE94G","Wesermarsch",1882,3414,0.551259519625073,">0.5"
"297","DEE05","Anhalt-Bitterfeld",3852,6998,0.550442983709631,">0.5"
"298","RO316","Prahova",2526,4596,0.549608355091384,">0.5"
"299","DED51","Leipzig, Kreisfreie Stadt",43743,79638,0.549272960144655,">0.5"
"300","EL632","Αχαΐα (Achaia)",469,855,0.548538011695906,">0.5"
"301","FR262","Nièvre",16497,30101,0.548054881897611,">0.5"
"302","DE939","Stade",2693,4922,0.547135310849248,">0.5"
"303","DE21N","Weilheim-Schongau",1166,2133,0.546647913736521,">0.5"
"304","AT221","Graz",13898,25458,0.545918768167177,">0.5"
"305","HU223","Zala",3649,6691,0.545359438051113,">0.5"
"306","DEA42","Gütersloh",11457,21017,0.545130132749679,">0.5"
"307","DEA35","Coesfeld",24781,45506,0.544565551795368,">0.5"
"308","HR047","Bjelovarsko-bilogorska županija",2689,4939,0.544442194776271,">0.5"
"309","DE232","Regensburg, Kreisfreie Stadt",14990,27539,0.544318965830277,">0.5"
"310","DE501","Bremen, Kreisfreie Stadt",34802,63974,0.544002250914434,">0.5"
"311","RO413","Mehedinţi",167,307,0.543973941368078,">0.5"
"312","DEA18","Remscheid, Kreisfreie Stadt",3849,7085,0.543260409315455,">0.5"
"313","DE138","Konstanz",6946,12789,0.543122996324967,">0.5"
"314","DE913","Wolfsburg, Kreisfreie Stadt",7277,13401,0.543019177673308,">0.5"
"315","DEG05","Weimar, Kreisfreie Stadt",1841,3395,0.542268041237113,">0.5"
"316","DE71E","Wetteraukreis",4607,8528,0.540220450281426,">0.5"
"317","DE261","Aschaffenburg, Kreisfreie Stadt",4528,8386,0.539947531600286,">0.5"
"318","DED21","Dresden, Kreisfreie Stadt",37106,68779,0.539496067113509,">0.5"
"319","RO126","Sibiu",2267,4204,0.539248334919125,">0.5"
"320","DE147","Bodenseekreis",9082,16870,0.538352104327208,">0.5"
"321","DE715","Bergstraße",6409,11914,0.53793855967769,">0.5"
"322","DEA45","Lippe",13072,24305,0.537831721867928,">0.5"
"323","DEA1A","Wuppertal, Kreisfreie Stadt",13786,25639,0.537696478021764,">0.5"
"324","DE264","Aschaffenburg, Landkreis",1305,2429,0.537258130918073,">0.5"
"325","DEA59","Olpe",4489,8361,0.536897500299007,">0.5"
"326","DE118","Heilbronn, Landkreis",11335,21129,0.536466467887737,">0.5"
"327","FR107","Val-de-Marne",25994,48554,0.535362688964864,">0.5"
"328","DEC04","Saarlouis",5157,9636,0.535180572851806,">0.5"
"329","DEB3J","Mainz-Bingen",2855,5343,0.534344001497286,">0.5"
"330","DK012","Københavns omegn",5256,9850,0.533604060913706,">0.5"
"331","DE11C","Heidenheim",3343,6283,0.532070666878879,">0.5"
"332","DE11D","Ostalbkreis",8340,15677,0.531989538814824,">0.5"
"333","DE112","Böblingen",14269,26833,0.531770581001006,">0.5"
"334","DEA13","Essen, Kreisfreie Stadt",17801,33509,0.531230415709212,">0.5"
"335","AT124","Waldviertel",2249,4239,0.530549657938193,">0.5"
"336","DE141","Reutlingen",8772,16536,0.530478955007257,">0.5"
"337","ITG16","Enna",1267,2389,0.53034742570113,">0.5"
"338","DE21M","Traunstein",2220,4190,0.529832935560859,">0.5"
"339","EL652","Κορινθία (Korinthia)",108,204,0.529411764705882,">0.5"
"340","DEB32","Kaiserslautern, Kreisfreie Stadt",4884,9240,0.528571428571429,">0.5"
"341","FR103","Yvelines",53989,102218,0.52817507679665,">0.5"
"342","DE262","Schweinfurt, Kreisfreie Stadt",4042,7663,0.527469659402323,">0.5"
"343","DEB3A","Zweibrücken, Kreisfreie Stadt",762,1448,0.526243093922652,">0.5"
"344","DEB3D","Donnersbergkreis",966,1839,0.525285481239804,">0.5"
"345","DE944","Osnabrück, Kreisfreie Stadt",10547,20102,0.524674161774948,">0.5"
"346","DE24A","Kronach",580,1106,0.524412296564195,">0.5"
"347","DEA51","Bochum, Kreisfreie Stadt",11577,22085,0.524201947022866,">0.5"
"348","DE24D","Wunsiedel i. Fichtelgebirge",65,124,0.524193548387097,">0.5"
"349","DE945","Wilhelmshaven, Kreisfreie Stadt",2856,5460,0.523076923076923,">0.5"
"350","DE222","Passau, Kreisfreie Stadt",3273,6262,0.522676461194507,">0.5"
"351","FR432","Jura",13218,25298,0.522491896592616,">0.5"
"352","BE310","Arr. Nivelles",6578,12609,0.521690855737965,">0.5"
"353","EL631","Αιτωλοακαρνανία (Aitoloakarnania)",450,864,0.520833333333333,">0.5"
"354","DE128","Rhein-Neckar-Kreis",10189,19584,0.520271650326797,">0.5"
"355","EL421","Κάλυμνος, Κάρπαθος, Κως, Ρόδος (Kalymnos, Karpathos, Kos, Rodos)",168,323,0.520123839009288,">0.5"
"356","DEB3F","Kaiserslautern, Landkreis",1261,2427,0.519571487433045,">0.5"
"357","DE224","Deggendorf",2680,5159,0.519480519480519,">0.5"
"358","FR221","Aisne",25041,48245,0.519038242304902,">0.5"
"359","AT332","Innsbruck",5711,11012,0.518616055212495,">0.5"
"360","DE24C","Lichtenfels",113,218,0.518348623853211,">0.5"
"361","DE27C","Unterallgäu",2998,5788,0.517968210089841,">0.5"
"362","CY000","Κύπρος (Kypros)",4149,8012,0.517848227658512,">0.5"
"363","DE237","Neustadt a. d. Waldnaab",665,1285,0.517509727626459,">0.5"
"364","DEE08","Burgenlandkreis",2758,5331,0.51735134121178,">0.5"
"365","DE716","Darmstadt-Dieburg",4664,9020,0.517073170731707,">0.5"
"366","DEB38","Speyer, Kreisfreie Stadt",2553,4940,0.516801619433198,">0.5"
"367","DE113","Esslingen",11432,22125,0.516700564971751,">0.5"
"368","DEB15","Birkenfeld",1036,2007,0.516193323368211,">0.5"
"369","DE22B","Straubing-Bogen",2341,4539,0.515752368363076,">0.5"
"370","DEA27","Rhein-Erft-Kreis",7297,14151,0.51565260405625,">0.5"
"371","DE13A","Waldshut",2333,4528,0.51523851590106,">0.5"
"372","DK011","Byen København",6281,12194,0.515089388223717,">0.5"
"373","DE227","Landshut, Landkreis",1899,3697,0.513659724100622,">0.5"
"374","DE23A","Tirschenreuth",838,1632,0.513480392156863,">0.5"
"375","DE277","Dillingen a.d. Donau",199,388,0.512886597938144,">0.5"
"376","FR823","Alpes-Maritimes",38178,74455,0.512766100329058,">0.5"
"377","RO111","Bihor",1659,3236,0.512669962917182,">0.5"
"378","FR106","Seine-Saint-Denis",21455,41878,0.512321505324992,">0.5"
"379","BE241","Arr. Halle-Vilvoorde",23375,45656,0.511980900648327,">0.5"
"380","DEF0F","Stormarn",8042,15712,0.511838085539715,">0.5"
"381","AT211","Klagenfurt-Villach",3609,7055,0.511552090715804,">0.5"
"382","DE241","Bamberg, Kreisfreie Stadt",4778,9346,0.511234752835438,">0.5"
"383","DEC01","Regionalverband Saarbrücken",3712,7263,0.5110835742806,">0.5"
"384","DEB39","Worms, Kreisfreie Stadt",3264,6395,0.510398749022674,">0.5"
"385","RO312","Călăraşi",494,968,0.510330578512397,">0.5"
"386","RO122","Braşov",1937,3796,0.51027397260274,">0.5"
"387","DEA16","Mülheim an der Ruhr,Kreisfreie Stadt",598,1173,0.509803921568627,">0.5"
"388","DEE01","Dessau-Roßlau, Kreisfreie Stadt",1670,3277,0.509612450411962,">0.5"
"389","DE21B","Freising",4444,8725,0.509340974212034,">0.5"
"390","DE121","Baden-Baden, Stadtkreis",2677,5257,0.50922579417919,">0.5"
"391","DE938","Heidekreis",3067,6024,0.509130146082337,">0.5"
"392","DE27A","Lindau (Bodensee)",364,715,0.509090909090909,">0.5"
"393","AT312","Linz-Wels",20232,39759,0.508865917150834,">0.5"
"394","DEC03","Neunkirchen",781,1538,0.507802340702211,">0.5"
"395","EL512","Ξάνθη (Xanthi)",66,130,0.507692307692308,">0.5"
"396","DE27E","Oberallgäu",957,1886,0.507423117709438,">0.5"
"397","DE925","Hildesheim",7512,14809,0.507259099196435,">0.5"
"398","RO421","Arad",968,1909,0.507071765322158,">0.5"
"399","DE927","Nienburg (Weser)",782,1543,0.506804925469864,">0.5"
"400","FR533","Deux-Sèvres",29041,57343,0.506443681007272,">0.5"
"401","DE404","Potsdam, Kreisfreie Stadt",9508,18775,0.50641810918775,">0.5"
"402","FR717","Savoie",51203,101240,0.505758593441328,">0.5"
"403","DE275","Aichach-Friedberg",656,1299,0.505003849114704,">0.5"
"404","DE114","Göppingen",4947,9796,0.505002041649653,">0.5"
"405","DEB3I","Rhein-Pfalz-Kreis",2541,5036,0.504567116759333,">0.5"
"406","DE219","Eichstätt",929,1847,0.502977801840823,">0.5"
"407","DEA12","Duisburg, Kreisfreie Stadt",13379,26683,0.501405389199116,">0.5"
"408","DE25A","Neustadt a. d. Aisch-Bad Windsheim",196,391,0.501278772378517,">0.5"
"409","DEA36","Recklinghausen",8690,17353,0.500777963464531,">0.5"
"410","DEB21","Trier, Kreisfreie Stadt",3755,7503,0.500466480074637,">0.5"
"411","DE947","Aurich",3509,7015,0.500213827512473,">0.5"
"412","DE723","Limburg-Weilburg",1592,3183,0.500157084511467,">0.5"
"413","DEA56","Ennepe-Ruhr-Kreis",5002,10006,0.499900059964022,">0.4"
"414","DE21C","Fürstenfeldbruck",3414,6831,0.499780412823891,">0.4"
"415","DEA26","Düren",3907,7818,0.499744180097212,">0.4"
"416","DE139","Lörrach",3416,6845,0.499050401753104,">0.4"
"417","FR623","Haute-Garonne",70603,141583,0.498668625470572,">0.4"
"418","DEF04","Neumünster, Kreisfreie Stadt",2974,5973,0.497907249288465,">0.4"
"419","HU232","Somogy",3413,6876,0.496364165212333,">0.4"
"420","DEA2B","Rheinisch-Bergischer Kreis",5086,10254,0.496001560366686,">0.4"
"421","DEA1D","Rhein-Kreis Neuss",12310,24819,0.495990974656513,">0.4"
"422","FR824","Bouches-du-Rhône",55661,112262,0.495813365163635,">0.4"
"423","DE129","Pforzheim, Stadtkreis",5247,10592,0.495373867069486,">0.4"
"424","DE24B","Kulmbach",1267,2559,0.495115279406018,">0.4"
"425","DE146","Biberach",3693,7463,0.4948412166689,">0.4"
"426","SE110","Stockholms län",103018,208356,0.494432605732496,">0.4"
"427","DE40G","Spree-Neiße",4555,9228,0.493606415257911,">0.4"
"428","AT127","Wiener Umland/Südteil",6916,14012,0.493576934056523,">0.4"
"429","DE21K","Rosenheim, Landkreis",2335,4731,0.493553160008455,">0.4"
"430","DE722","Lahn-Dill-Kreis",4324,8762,0.49349463592787,">0.4"
"431","FR108","Val-d'Oise",28767,58312,0.493328988887365,">0.4"
"432","DEA32","Gelsenkirchen, Kreisfreie Stadt",5388,10927,0.493090509746499,">0.4"
"433","DK042","Østjylland",7518,15247,0.493080606020857,">0.4"
"434","RO116","Sălaj",247,501,0.493013972055888,">0.4"
"435","DEF01","Flensburg, Kreisfreie Stadt",3429,6966,0.492248062015504,">0.4"
"436","HR034","Šibensko-kninska županija",2902,5898,0.492031197015938,">0.4"
"437","DEB1A","Rhein-Lahn-Kreis",2065,4202,0.491432651118515,">0.4"
"438","HU999","Budapest ker",26,53,0.490566037735849,">0.4"
"439","DE912","Salzgitter, Kreisfreie Stadt",2993,6103,0.490414550221203,">0.4"
"440","DEF0D","Segeberg",7982,16287,0.490084116166268,">0.4"
"441","DE941","Delmenhorst, Kreisfreie Stadt",1688,3452,0.488991888760139,">0.4"
"442","DEG01","Erfurt, Kreisfreie Stadt",11706,23941,0.488952007017251,">0.4"
"443","DE26A","Main-Spessart",828,1694,0.488783943329398,">0.4"
"444","DEF0A","Plön",1351,2768,0.488078034682081,">0.4"
"445","FR252","Manche",36459,74724,0.487915529147262,">0.4"
"446","PT16J","Beiras e Serra da Estrela",3292,6755,0.487342709104367,">0.4"
"447","DE21A","Erding",2534,5201,0.48721399730821,">0.4"
"448","DEA15","Mönchengladbach, Kreisfreie Stadt",7096,14585,0.486527254028111,">0.4"
"449","HR044","Varaždinska županija",2774,5702,0.486495966327604,">0.4"
"450","DE91B","Wolfenbüttel",1250,2570,0.486381322957198,">0.4"
"451","DE80M","Nordwestmecklenburg",1843,3794,0.485767000527148,">0.4"
"452","DEF09","Pinneberg",6801,14004,0.485646958011997,">0.4"
"453","DEB13","Altenkirchen (Westerwald)",1213,2498,0.485588470776621,">0.4"
"454","DE274","Memmingen, Kreisfreie Stadt",2985,6149,0.485444787770369,">0.4"
"455","DE26C","Würzburg, Landkreis",1773,3654,0.485221674876847,">0.4"
"456","FR813","Hérault",65658,135361,0.48505847326778,">0.4"
"457","DEA47","Paderborn",7213,14873,0.484972769447993,">0.4"
"458","DED2D","Görlitz",3133,6461,0.484909456740443,">0.4"
"459","DE80J","Mecklenburgische Seenplatte",4384,9041,0.484902112598164,">0.4"
"460","DEE0C","Salzlandkreis",1933,3987,0.484825683471282,">0.4"
"461","DE272","Kaufbeuren, Kreisfreie Stadt",1598,3297,0.484683045192599,">0.4"
"462","EL624","Λευκάδα (Lefkada)",15,31,0.483870967741935,">0.4"
"463","DEB3C","Bad Dürkheim",1629,3371,0.483239394838327,">0.4"
"464","DEF06","Herzogtum Lauenburg",2908,6019,0.48313673367669,">0.4"
"465","DE137","Tuttlingen",4635,9603,0.482661668228679,">0.4"
"466","DE218","Ebersberg",2558,5305,0.482186616399623,">0.4"
"467","DEA43","Herford",6912,14344,0.481873954266592,">0.4"
"468","RO422","Caraş-Severin",199,413,0.4818401937046,">0.4"
"469","DE724","Marburg-Biedenkopf",1787,3712,0.481411637931034,">0.4"
"470","DE145","Alb-Donau-Kreis",3978,8293,0.479681659230676,">0.4"
"471","FR411","Meurthe-et-Moselle",34749,72503,0.479276719584017,">0.4"
"472","DE257","Erlangen-Höchstadt",564,1177,0.479184367034834,">0.4"
"473","FR261","Côte-d'Or",27439,57286,0.478982648465594,">0.4"
"474","AT342","Rheintal-Bodenseegebiet",5562,11616,0.478822314049587,">0.4"
"475","DE933","Harburg",2936,6133,0.47872166965596,">0.4"
"476","FR104","Essonne",32243,67368,0.478610022562641,">0.4"
"477","DE926","Holzminden",741,1549,0.478373143963848,">0.4"
"478","DE934","Lüchow-Dannenberg",106,222,0.477477477477477,">0.4"
"479","DEA58","Märkischer Kreis",6603,13833,0.477336803296465,">0.4"
"480","DEA2A","Oberbergischer Kreis",3503,7345,0.476923076923077,">0.4"
"481","DEG0N","Eisenach, Kreisfreie Stadt",1559,3269,0.476904252064852,">0.4"
"482","DE239","Schwandorf",2096,4402,0.476147205815538,">0.4"
"483","FR223","Somme",39427,82820,0.476056508089833,">0.4"
"484","DEB3H","Südliche Weinstraße",7275,15284,0.475987961266684,">0.4"
"485","FR421","Bas-Rhin",62860,132067,0.475970530109717,">0.4"
"486","DEA38","Warendorf",6178,12981,0.475926353901857,">0.4"
"487","AT323","Salzburg und Umgebung",12363,25977,0.475921007044693,">0.4"
"488","DEC05","Saarpfalz-Kreis",885,1860,0.475806451612903,">0.4"
"489","DE123","Karlsruhe, Landkreis",10204,21449,0.475733134411861,">0.4"
"490","DEA2C","Rhein-Sieg-Kreis",8309,17470,0.475615340583858,">0.4"
"491","DEA57","Hochsauerlandkreis",2667,5608,0.475570613409415,">0.4"
"492","DEA14","Krefeld, Kreisfreie Stadt",7692,16239,0.47367448734528,">0.4"
"493","FR822","Hautes-Alpes",3288,6945,0.473434125269978,">0.4"
"494","DE246","Bayreuth, Landkreis",637,1346,0.473254086181278,">0.4"
"495","BG424","Смолян (Smolyan)",2924,6179,0.473215730700761,">0.4"
"496","HR035","Splitsko-dalmatinska županija",7302,15436,0.473050012956725,">0.4"
"497","DE223","Straubing, Kreisfreie Stadt",2466,5219,0.472504311170722,">0.4"
"498","FR251","Calvados",25738,54485,0.472386895475819,">0.4"
"499","DE732","Fulda",5794,12275,0.472016293279022,">0.4"
"500","RO222","Buzău",486,1031,0.471387002909796,">0.4"
"501","DE235","Cham",1354,2873,0.47128437173686,">0.4"
"502","DEA46","Minden-Lübbecke",4811,10213,0.471066288064232,">0.4"
"503","FR716","Rhône",152430,323898,0.470611118315025,">0.4"
"504","FR102","Seine-et-Marne",25068,53275,0.47053965274519,">0.4"
"505","DK032","Sydjylland",6103,12971,0.470511140235911,">0.4"
"506","DEG02","Gera, Kreisfreie Stadt",3693,7851,0.470385938097058,">0.4"
"507","DEE0D","Stendal",1756,3734,0.47027316550616,">0.4"
"508","DE255","Schwabach, Kreisfreie Stadt",1562,3322,0.470198675496689,">0.4"
"509","RO412","Gorj",304,647,0.469860896445131,">0.4"
"510","DE143","Zollernalbkreis",4246,9052,0.469067609368095,">0.4"
"511","DE40E","Potsdam-Mittelmark",3734,7961,0.469036553196835,">0.4"
"512","DE21D","Garmisch-Partenkirchen",906,1934,0.468459152016546,">0.4"
"513","RO311","Argeş",649,1386,0.468253968253968,">0.4"
"514","DEA5C","Unna",7395,15799,0.46806759921514,">0.4"
"515","DE735","Schwalm-Eder-Kreis",2270,4856,0.467462932454695,">0.4"
"516","DEE07","Börde",3430,7339,0.467366126175228,">0.4"
"517","DE134","Ortenaukreis",9423,20163,0.467341169468829,">0.4"
"518","DE40C","Oder-Spree",2240,4794,0.467250730079266,">0.4"
"519","DE502","Bremerhaven, Kreisfreie Stadt",2781,5955,0.467002518891688,">0.4"
"520","DEF0B","Rendsburg-Eckernförde",5435,11644,0.466763998625902,">0.4"
"521","DEG0I","Saalfeld-Rudolstadt",1822,3907,0.466342462247249,">0.4"
"522","FR301","Nord",66092,141830,0.465994500458295,">0.4"
"523","FR431","Doubs",32178,69066,0.465902180522978,">0.4"
"524","DEG0F","Ilm-Kreis",3539,7597,0.465841779649862,">0.4"
"525","DEB3B","Alzey-Worms",1441,3096,0.465439276485788,">0.4"
"526","DE149","Sigmaringen",3304,7099,0.465417664459783,">0.4"
"527","DE725","Vogelsbergkreis",1448,3112,0.465295629820051,">0.4"
"528","DE94A","Friesland (DE)",1766,3796,0.46522655426765,">0.4"
"529","DE265","Bad Kissingen",996,2141,0.465203176085941,">0.4"
"530","FR831","Corse-du-Sud",8694,18732,0.464125560538117,">0.4"
"531","DE26B","Schweinfurt, Landkreis",1280,2758,0.464104423495286,">0.4"
"532","DE217","Dachau",3486,7514,0.463933989885547,">0.4"
"533","DEB18","Neuwied",2855,6156,0.463775178687459,">0.4"
"534","RO423","Hunedoara",740,1596,0.463659147869674,">0.4"
"535","DE923","Hameln-Pyrmont",1740,3755,0.463382157123835,">0.4"
"536","DEB17","Mayen-Koblenz",3643,7867,0.463073598576332,">0.4"
"537","DE136","Schwarzwald-Baar-Kreis",4547,9837,0.462234421063332,">0.4"
"538","BE332","Arr. Liège",16401,35492,0.462104136143356,">0.4"
"539","DE80L","Vorpommern-Rügen",2569,5561,0.461967272073368,">0.4"
"540","DE93B","Verden",3510,7599,0.461902881958152,">0.4"
"541","NL333","Delft en Westland",6031,13062,0.46172102281427,">0.4"
"542","DEB14","Bad Kreuznach",3771,8168,0.46167972575906,">0.4"
"543","DE124","Rastatt",5161,11179,0.461669201180785,">0.4"
"544","DEE0B","Saalekreis",7174,15540,0.461647361647362,">0.4"
"545","DE243","Coburg, Kreisfreie Stadt",2872,6233,0.460773303385208,">0.4"
"546","DE267","Haßberge",393,853,0.460726846424385,">0.4"
"547","BE335","Arr. Verviers - communes francophones",10893,23664,0.460319472616633,">0.4"
"548","DEB16","Cochem-Zell",764,1660,0.460240963855422,">0.4"
"549","DEB3K","Südwestpfalz",713,1551,0.459703417150226,">0.4"
"550","AT341","Bludenz-Bregenzer Wald",1261,2747,0.459046232253367,">0.4"
"551","DE80N","Vorpommern-Greifswald",2204,4808,0.458402662229617,">0.4"
"552","AT122","Niederösterreich-Süd",2797,6105,0.458149058149058,">0.4"
"553","DEB25","Trier-Saarburg",1664,3634,0.45789763346175,">0.4"
"554","AT311","Innviertel",3306,7220,0.457894736842105,">0.4"
"555","DEB37","Pirmasens, Kreisfreie Stadt",831,1816,0.457599118942731,">0.4"
"556","DE21I","Neuburg-Schrobenhausen",237,518,0.457528957528958,">0.4"
"557","DE721","Gießen, Landkreis",2386,5219,0.457175704157885,">0.4"
"558","DEG0L","Greiz",1300,2846,0.456781447645819,">0.4"
"559","AT331","Außerfern",775,1699,0.456150676868746,">0.4"
"560","DE91A","Peine",1806,3962,0.45583038869258,">0.4"
"561","FR211","Ardennes",8123,17822,0.455784984850185,">0.4"
"562","DE236","Neumarkt i. d. OPf.",189,415,0.455421686746988,">0.4"
"563","DE936","Osterholz",1546,3395,0.455375552282769,">0.4"
"564","DE918","Northeim",1970,4329,0.455070455070455,">0.4"
"565","EL641","Βοιωτία (Voiotia)",91,200,0.455,">0.4"
"566","FR826","Vaucluse",18113,39809,0.454997613604964,">0.4"
"567","FR413","Moselle",33869,74438,0.454996104140358,">0.4"
"568","DE719","Main-Kinzig-Kreis",4066,8943,0.454657273845466,">0.4"
"569","DEA34","Borken",4798,10559,0.454399090822995,">0.4"
"570","FR614","Lot-et-Garonne",15078,33216,0.453937861271676,">0.4"
"571","EL622","Κέρκυρα (Kerkyra)",127,280,0.453571428571429,">0.4"
"572","DEB3G","Kusel",609,1343,0.453462397617275,">0.4"
"573","AT314","Steyr-Kirchdorf",2568,5664,0.453389830508475,">0.4"
"574","DEG09","Unstrut-Hainich-Kreis",1530,3377,0.453064850458987,">0.4"
"575","DEG0M","Altenburger Land",1453,3208,0.452930174563591,">0.4"
"576","FR422","Haut-Rhin",25677,56761,0.452370465636617,">0.4"
"577","RO322","Ilfov",1848,4086,0.452276064610866,">0.4"
"578","DEG07","Nordhausen",2363,5229,0.451902849493211,">0.4"
"579","DE268","Kitzingen",1641,3632,0.45181718061674,">0.4"
"580","DEA1F","Wesel",6667,14770,0.451387948544347,">0.4"
"581","DEG0J","Saale-Holzland-Kreis",2321,5149,0.45076713925034,">0.4"
"582","DE215","Berchtesgadener Land",474,1053,0.45014245014245,">0.4"
"583","DEG06","Eichsfeld",2011,4468,0.450089525514772,">0.4"
"584","DEG04","Suhl, Kreisfreie Stadt",1497,3329,0.449684589966957,">0.4"
"585","RO314","Giurgiu",437,972,0.449588477366255,">0.4"
"586","FR714","Isère",66846,148745,0.449399979831255,">0.4"
"587","RO414","Olt",243,541,0.44916820702403,">0.4"
"588","DE27D","Donau-Ries",670,1492,0.449061662198391,">0.4"
"589","FR511","Loire-Atlantique",78419,174649,0.449009155506187,">0.4"
"590","FR244","Indre-et-Loire",22562,50319,0.448379339811999,">0.4"
"591","DEA31","Bottrop, Kreisfreie Stadt",1740,3883,0.448107133659542,">0.4"
"592","RO114","Maramureş",487,1087,0.448022079116835,">0.4"
"593","LT00A","Vilniaus apskritis",12125,27073,0.447863184722787,">0.4"
"594","DE133","Emmendingen",2244,5011,0.447814807423668,">0.4"
"595","DEB19","Rhein-Hunsrück-Kreis",1413,3160,0.447151898734177,">0.4"
"596","DE11A","Schwäbisch Hall",6328,14167,0.446671843015458,">0.4"
"597","DE12B","Enzkreis",2521,5645,0.446589902568645,">0.4"
"598","BE211","Arr. Antwerpen",45412,101719,0.446445600133702,">0.4"
"599","FR625","Lot",7998,17925,0.446192468619247,">0.4"
"600","DEG0A","Kyffhäuserkreis",1056,2368,0.445945945945946,">0.4"
"601","RO215","Suceava",1191,2671,0.445900411830775,">0.4"
"602","FR523","Ille-et-Vilaine",40987,91947,0.445767670505835,">0.4"
"603","EL613","Μαγνησία, Σποράδες (Magnisia, Sporades)",1284,2882,0.445523941707148,">0.4"
"604","DE94B","Grafschaft Bentheim",1994,4477,0.445387536296627,">0.4"
"605","DE736","Waldeck-Frankenberg",1232,2767,0.445247560534875,">0.4"
"606","DK050","Nordjylland",3373,7587,0.444576248846711,">0.4"
"607","FR253","Orne",8918,20065,0.444455519561425,">0.4"
"608","DE21G","Mühldorf a. Inn",488,1099,0.444040036396724,">0.4"
"609","DE916","Goslar",2009,4528,0.443683745583039,">0.4"
"610","FR718","Haute-Savoie",33201,74852,0.443555282423983,">0.4"
"611","DE406","Dahme-Spreewald",3188,7193,0.443208675100792,">0.4"
"612","DED45","Zwickau",7692,17371,0.442806977145818,">0.4"
"613","DE946","Ammerland",3138,7097,0.442158658588136,">0.4"
"614","DE931","Celle",2513,5684,0.442118226600985,">0.4"
"615","DK021","Østsjælland",1735,3926,0.441925624044829,">0.4"
"616","DE226","Kelheim",562,1272,0.441823899371069,">0.4"
"617","AT112","Nordburgenland",1643,3719,0.441785426189836,">0.4"
"618","DE40H","Teltow-Fläming",3634,8234,0.441340782122905,">0.4"
"619","DE94F","Vechta",2170,4920,0.441056910569106,">0.4"
"620","FR243","Indre",9292,21074,0.440922463699345,">0.4"
"621","DE80O","Ludwigslust-Parchim",3479,7891,0.440882017488278,">0.4"
"622","FR434","Territoire de Belfort",14081,31972,0.440416614537721,">0.4"
"623","DEB1B","Westerwaldkreis",3069,6976,0.439936926605505,">0.4"
"624","FR612","Gironde",74010,168339,0.439648566285887,">0.4"
"625","DEG0K","Saale-Orla-Kreis",1332,3032,0.439313984168865,">0.4"
"626","DE937","Rotenburg (Wümme)",2198,5004,0.439248601119105,">0.4"
"627","DE40A","Oberhavel",4570,10407,0.439127510329586,">0.4"
"628","FR514","Sarthe",19895,45312,0.439066913841808,">0.4"
"629","DE12C","Freudenstadt",2218,5053,0.438947160102909,">0.4"
"630","DK014","Bornholm",215,490,0.438775510204082,">0.4"
"631","DE80K","Landkreis Rostock",3331,7597,0.438462551006976,">0.4"
"632","DE949","Emsland",4413,10070,0.438232373386296,">0.4"
"633","DEG0H","Sonneberg",883,2025,0.436049382716049,">0.4"
"634","DEA37","Steinfurt",8083,18557,0.435576871261519,">0.4"
"635","DE135","Rottweil",2789,6405,0.43544106167057,">0.4"
"636","HR04B","Osječko-baranjska županija",2797,6425,0.435330739299611,">0.4"
"637","DEG0E","Hildburghausen",1742,4005,0.434956304619226,">0.4"
"638","DE25B","Roth",801,1842,0.43485342019544,">0.4"
"639","DE917","Helmstedt",908,2089,0.434657730971757,">0.4"
"640","FR825","Var",26099,60112,0.434172877295715,">0.4"
"641","DE229","Regen",887,2044,0.433953033268102,">0.4"
"642","DE22A","Rottal-Inn",287,662,0.433534743202417,">0.4"
"643","FR715","Loire",58030,133886,0.433428439119848,">0.4"
"644","DEA55","Herne, Kreisfreie Stadt",1228,2835,0.4331569664903,">0.4"
"645","DEA5B","Soest",5606,12943,0.433129877153674,">0.4"
"646","AT315","Traunviertel",3778,8730,0.432760595647194,">0.4"
"647","AT126","Wiener Umland/Nordteil",1951,4511,0.432498337397473,">0.4"
"648","DED2F","Sächsische Schweiz-Osterzgebirge",4229,9779,0.432457306473055,">0.4"
"649","DED2E","Meißen",5837,13499,0.432402400177791,">0.4"
"650","DED53","Nordsachsen",5511,12750,0.432235294117647,">0.4"
"651","FR264","Yonne",12720,29444,0.432006520853145,">0.4"
"652","DEF08","Ostholstein",2813,6514,0.431839115750691,">0.4"
"653","DED44","Vogtlandkreis",3004,6975,0.430681003584229,">0.4"
"654","DED2C","Bautzen",5645,13117,0.430357551269345,">0.4"
"655","AT225","West- und Südsteiermark",1714,3985,0.430112923462986,">0.4"
"656","DEF0C","Schleswig-Flensburg",11121,25868,0.429913406525437,">0.4"
"657","DE734","Kassel, Landkreis",3284,7644,0.429618001046572,">0.4"
"658","DE119","Hohenlohekreis",3010,7010,0.429386590584879,">0.4"
"659","PT181","Alentejo Litoral",1650,3850,0.428571428571429,">0.4"
"660","FR712","Ardèche",6111,14260,0.428541374474053,">0.4"
"661","HU321","Hajdú-Bihar",3606,8415,0.428520499108734,">0.4"
"662","DE71B","Odenwaldkreis",489,1143,0.427821522309711,">0.4"
"663","FR213","Marne",15263,35678,0.427798643421716,">0.4"
"664","DEA1B","Kleve",2810,6569,0.427766783376465,">0.4"
"665","DEE0E","Wittenberg",1666,3898,0.427398665982555,">0.4"
"666","DK031","Fyn",3489,8174,0.426841203816981,">0.4"
"667","DEA29","Heinsberg",2795,6553,0.426522203570884,">0.4"
"668","FR613","Landes",8566,20090,0.426381284221005,">0.4"
"669","FR232","Seine-Maritime",32661,76660,0.426050091312288,">0.4"
"670","RO225","Tulcea",688,1615,0.426006191950464,">0.4"
"671","DE25C","Weißenburg-Gunzenhausen",141,331,0.425981873111782,">0.4"
"672","DEG0P","Wartburgkreis",2566,6028,0.425680159256802,">0.4"
"673","FR724","Puy-de-Dôme",20430,48020,0.425447730112453,">0.4"
"674","RO214","Neamţ",392,922,0.425162689804772,">0.4"
"675","FR414","Vosges",18849,44350,0.425005636978579,">0.4"
"676","DE11B","Main-Tauber-Kreis",2926,6888,0.42479674796748,">0.4"
"677","FI1B1","Helsinki-Uusimaa",13094,30835,0.424647316361278,">0.4"
"678","DEF0E","Steinburg",1619,3814,0.424488725747247,">0.4"
"679","AT335","Tiroler Unterland",3760,8858,0.424475050801535,">0.4"
"680","DE94C","Leer",2132,5023,0.424447541309974,">0.4"
"681","DEG0C","Gotha",3171,7471,0.424441172533797,">0.4"
"682","DE228","Passau, Landkreis",601,1416,0.424435028248588,">0.4"
"683","DE928","Schaumburg",2137,5043,0.423755700971644,">0.4"
"684","ES612","Cádiz",4590,10835,0.423627134287033,">0.4"
"685","DE27B","Ostallgäu",804,1898,0.423603793466807,">0.4"
"686","DE932","Cuxhaven",1751,4138,0.423151280811986,">0.4"
"687","RO221","Brăila",257,609,0.42200328407225,">0.4"
"688","FR222","Oise",22955,54420,0.421811833884601,">0.4"
"689","FR302","Pas-de-Calais",33640,79758,0.421775872012839,">0.4"
"690","BE242","Arr. Leuven",16862,40004,0.421507849215079,">0.4"
"691","FR611","Dordogne",6754,16025,0.421466458658346,">0.4"
"692","FRA40","La Réunion",59687,141780,0.420983213429257,">0.4"
"693","DEA28","Euskirchen",2504,5950,0.420840336134454,">0.4"
"694","FR512","Maine-et-Loire",15212,36181,0.420441668278931,">0.4"
"695","BE323","Arr. Mons",671,1596,0.420426065162907,">0.4"
"696","FR615","Pyrénées-Atlantiques",18868,44888,0.420335056139726,">0.4"
"697","BE336","Bezirk Verviers - Deutschsprachige Gemeinschaft",660,1574,0.419313850063532,">0.4"
"698","DED42","Erzgebirgskreis",3269,7804,0.418887749871861,">0.4"
"699","DE402","Cottbus, Kreisfreie Stadt",2818,6728,0.41884661117717,">0.4"
"700","DE94D","Oldenburg, Landkreis",2227,5318,0.418766453553968,">0.4"
"701","DEA1E","Viersen",3746,8950,0.41854748603352,">0.4"
"702","DED43","Mittelsachsen",4496,10744,0.418466120625465,">0.4"
"703","FR713","Drôme",10291,24597,0.41838435581575,">0.4"
"704","RO216","Vaslui",555,1327,0.418236623963828,">0.4"
"705","DEE0A","Mansfeld-Südharz",1243,2973,0.418096199125462,">0.4"
"706","DE269","Miltenberg",1860,4452,0.417789757412399,">0.4"
"707","DE238","Regensburg, Landkreis",826,1978,0.417593528816987,">0.4"
"708","DE247","Coburg, Landkreis",580,1389,0.417566594672426,">0.4"
"709","DE216","Bad Tölz-Wolfratshausen",367,880,0.417045454545455,">0.4"
"710","EL431","Ηράκλειο (Irakleio)",581,1395,0.416487455197133,">0.4"
"711","DE256","Ansbach, Landkreis",988,2373,0.416350611040877,">0.4"
"712","AT121","Mostviertel-Eisenwurzen",2199,5288,0.415847201210287,">0.4"
"713","DED52","Leipzig",4304,10364,0.415283674257044,">0.4"
"714","DE94E","Osnabrück, Landkreis",5002,12059,0.414793929844929,">0.4"
"715","FR534","Vienne",14319,34528,0.414706904541242,">0.4"
"716","DEG0B","Schmalkalden-Meiningen",2441,5888,0.414572010869565,">0.4"
"717","DE245","Bamberg, Landkreis",829,2004,0.413672654690619,">0.4"
"718","FR263","Saône-et-Loire",20994,50782,0.413414201882557,">0.4"
"719","DE40D","Ostprignitz-Ruppin",2157,5219,0.413297566583637,">0.4"
"720","FR812","Gard",11579,28027,0.413137331858565,">0.4"
"721","DE948","Cloppenburg",2827,6843,0.413122899313167,">0.4"
"722","FR246","Loiret",18729,45336,0.413115404976178,">0.4"
"723","DE249","Hof, Landkreis",296,717,0.412831241283124,">0.4"
"724","FR433","Haute-Saône",13778,33393,0.412601443416285,">0.4"
"725","FR245","Loir-et-Cher",9309,22586,0.412157973966174,">0.4"
"726","FR811","Aude",9011,21920,0.411085766423358,">0.4"
"727","FR723","Haute-Loire",3290,8007,0.410890470838017,">0.4"
"728","DE408","Havelland",2639,6424,0.410803237858032,">0.4"
"729","DK041","Vestjylland",2582,6291,0.410427594976951,">0.4"
"730","FR242","Eure-et-Loir",8583,20921,0.410257635868266,">0.4"
"731","DEE06","Jerichower Land",1488,3628,0.410143329658214,">0.4"
"732","RO212","Botoşani",270,659,0.409711684370258,">0.4"
"733","DE258","Fürth, Landkreis",181,442,0.409502262443439,">0.4"
"734","AT313","Mühlviertel",1838,4493,0.409080792343646,">0.4"
"735","DE409","Märkisch-Oderland",2019,4937,0.408952805347377,">0.4"
"736","DEA5A","Siegen-Wittgenstein",1213,2973,0.408005381769257,">0.4"
"737","FR531","Charente",13877,34018,0.407931095302487,">0.4"
"738","RO211","Bacău",659,1617,0.407544836116265,">0.4"
"739","FR631","Corrèze",3224,7911,0.407533813677158,">0.4"
"740","FR821","Alpes-de-Haute-Provence",2673,6570,0.406849315068493,">0.4"
"741","DE12A","Calw",1855,4563,0.406530791146176,">0.4"
"742","RO124","Harghita",196,483,0.405797101449275,">0.4"
"743","DE40B","Oberspreewald-Lausitz",1764,4348,0.405703771849126,">0.4"
"744","DEB12","Ahrweiler",1362,3360,0.405357142857143,">0.4"
"745","DE40I","Uckermark",1128,2785,0.405026929982047,">0.4"
"746","HU231","Baranya",2591,6399,0.404907016721363,">0.4"
"747","EL434","Χανιά (Chania)",183,452,0.404867256637168,">0.4"
"748","DE214","Altötting",737,1821,0.404722679846238,">0.4"
"749","DK022","Vest- og Sydsjælland",2815,6959,0.404512142549217,">0.4"
"750","ITC4C","Milano",47968,118683,0.404169089086053,">0.4"
"751","RO313","Dâmboviţa",266,659,0.403641881638847,">0.4"
"752","BE234","Arr. Gent",28504,70636,0.403533608924628,">0.4"
"753","FR513","Mayenne",9459,23463,0.403145377828922,">0.4"
"754","DEE09","Harz",2412,5983,0.403142236336286,">0.4"
"755","SE121","Uppsala län",10459,26014,0.40205274083186,">0.4"
"756","DEB11","Koblenz, Kreisfreie Stadt",5204,12944,0.40203955500618,">0.4"
"757","DE127","Neckar-Odenwald-Kreis",1348,3356,0.401668653158522,">0.4"
"758","DEF07","Nordfriesland",1355,3374,0.401600474214582,">0.4"
"759","AT125","Weinviertel",857,2136,0.401217228464419,">0.4"
"760","BE212","Arr. Mechelen",13332,33236,0.401131303405945,">0.4"
"761","FR532","Charente-Maritime",10961,27333,0.401017085574214,">0.4"
"762","AT223","Östliche Obersteiermark",1634,4075,0.400981595092025,">0.4"
"763","DE733","Hersfeld-Rotenburg",541,1353,0.399852180339985,">0.3"
"764","FR711","Ain",11312,28306,0.399632586730728,">0.3"
"765","BE222","Arr. Maaseik",7323,18329,0.399530798188663,">0.3"
"766","ITG19","Siracusa",1193,2987,0.399397388684299,">0.3"
"767","DE248","Forchheim",289,724,0.399171270718232,">0.3"
"768","PT16B","Oeste",2297,5755,0.399131190269331,">0.3"
"769","FR626","Hautes-Pyrénées",9782,24509,0.399118691093068,">0.3"
"770","FR241","Cher",9133,22919,0.398490335529473,">0.3"
"771","DEB24","Vulkaneifel",1215,3056,0.397578534031414,">0.3"
"772","FR522","Finistère",27819,69979,0.397533545778019,">0.3"
"773","EL527","Χαλκιδική (Chalkidiki)",95,239,0.397489539748954,">0.3"
"774","DEA44","Höxter",1389,3495,0.397424892703863,">0.3"
"775","FR627","Tarn",10072,25399,0.396551045316745,">0.3"
"776","NL411","West-Noord-Brabant",21460,54284,0.395328273524427,">0.3"
"777","BE327","Arr. Tournai",1834,4640,0.395258620689655,">0.3"
"778","DEB3E","Germersheim",1585,4016,0.394671314741036,">0.3"
"779","DE93A","Uelzen",961,2435,0.394661190965092,">0.3"
"780","NL337","Agglomeratie Leiden en Bollenstreek",11492,29159,0.394115024520731,">0.3"
"781","FR622","Aveyron",5367,13620,0.394052863436123,">0.3"
"782","FR212","Aube",4534,11523,0.393473921721774,">0.3"
"783","FR214","Haute-Marne",3162,8046,0.392990305741984,">0.3"
"784","FR621","Ariège",3337,8498,0.392680630736644,">0.3"
"785","DEG0D","Sömmerda",1210,3085,0.392220421393841,">0.3"
"786","FR832","Haute-Corse",14263,36409,0.391743799609987,">0.3"
"787","DEF05","Dithmarschen",1866,4767,0.391441157960982,">0.3"
"788","CZ010","Hlavní město Praha",20295,51917,0.390912417897798,">0.3"
"789","NL421","Noord-Limburg",10480,26810,0.390898918314062,">0.3"
"790","FR515","Vendée",21761,55767,0.390212849893306,">0.3"
"791","HU333","Csongrád",2254,5785,0.389628349178911,">0.3"
"792","AT213","Unterkärnten",1150,2958,0.388776200135227,">0.3"
"793","FR628","Tarn-et-Garonne",7553,19443,0.388468857686571,">0.3"
"794","BE352","Arr. Namur",4675,12051,0.387934611235582,">0.3"
"795","PT200","Região Autónoma dos Açores",4447,11479,0.387403083892325,">0.3"
"796","NL414","Zuidoost-Noord-Brabant",32253,83309,0.387149047521876,">0.3"
"797","FR633","Haute-Vienne",8003,20690,0.386805219913001,">0.3"
"798","FR524","Morbihan",25138,65129,0.385972454666892,">0.3"
"799","DE21J","Pfaffenhofen a. d. Ilm",406,1052,0.385931558935361,">0.3"
"800","DE259","Nürnberger Land",539,1401,0.384725196288365,">0.3"
"801","RO415","Vâlcea",306,797,0.383939774153074,">0.3"
"802","HU102","Pest",9679,25225,0.383706640237859,">0.3"
"803","AT226","Westliche Obersteiermark",843,2197,0.383705052344106,">0.3"
"804","DK013","Nordsjælland",2561,6679,0.383440634825573,">0.3"
"805","HR031","Primorsko-goranska županija",3377,8823,0.382749631644565,">0.3"
"806","DE737","Werra-Meißner-Kreis",667,1747,0.381797366914711,">0.3"
"807","DE405","Barnim",1772,4643,0.381649795390911,">0.3"
"808","DE40F","Prignitz",1343,3523,0.381209196707352,">0.3"
"809","DE94H","Wittmund",579,1521,0.380670611439842,">0.3"
"810","CZ064","Jihomoravský kraj",11298,29682,0.380634728118051,">0.3"
"811","DE276","Augsburg, Landkreis",684,1804,0.379157427937916,">0.3"
"812","AT224","Oststeiermark",2566,6771,0.378969133067494,">0.3"
"813","DE22C","Dingolfing-Landau",268,708,0.378531073446328,">0.3"
"814","EL432","Λασίθι (Lasithi)",104,276,0.376811594202899,">0.3"
"815","PT11D","Douro",6017,15972,0.376721763085399,">0.3"
"816","HR036","Istarska županija",2560,6796,0.376692171865803,">0.3"
"817","DEC06","St. Wendel",391,1038,0.376685934489403,">0.3"
"818","SE232","Västra Götalands län",40224,106977,0.376006057376819,">0.3"
"819","FR624","Gers",4377,11663,0.375289376661236,">0.3"
"820","AT333","Osttirol",558,1489,0.374748153122901,">0.3"
"821","FRA10","Guadeloupe",1970,5260,0.374524714828897,">0.3"
"822","HU212","Komárom-Esztergom",2955,7897,0.374192731416994,">0.3"
"823","AT322","Pinzgau-Pongau",1502,4015,0.374097135740971,">0.3"
"824","DE407","Elbe-Elster",827,2215,0.373363431151242,">0.3"
"825","FR521","Côtes-d'Armor",14940,40101,0.372559287798309,">0.3"
"826","NL339","Groot-Rijnmond",38038,102343,0.371671731334825,">0.3"
"827","DE935","Lüneburg, Landkreis",469,1266,0.370458135860979,">0.3"
"828","DE922","Diepholz",2160,5842,0.369736391646696,">0.3"
"829","FR632","Creuse",2133,5774,0.36941461724974,">0.3"
"830","FR814","Lozère",1510,4090,0.36919315403423,">0.3"
"831","SE123","Östergötlands län",11811,32103,0.367909541164377,">0.3"
"832","FR721","Allier",5181,14114,0.367082329601814,">0.3"
"833","BE213","Arr. Turnhout",16763,45780,0.366164263870686,">0.3"
"834","SE224","Skåne län",32791,89723,0.365469277665704,">0.3"
"835","RO123","Covasna",150,412,0.364077669902913,">0.3"
"836","HR033","Zadarska županija",3184,8746,0.364052138120284,">0.3"
"837","HU313","Nógrád",868,2385,0.363941299790356,">0.3"
"838","DE266","Rhön-Grabfeld",305,840,0.363095238095238,">0.3"
"839","BE325","Arr. Soignies",1431,3961,0.361272405958091,">0.3"
"840","ES424","Guadalajara",2510,6970,0.360114777618364,">0.3"
"841","FRA30","Guyane",1359,3775,0.36,">0.3"
"842","AT123","Sankt Pölten",841,2351,0.357720119098256,">0.3"
"843","FI1D6","Pohjois-Pohjanmaa",2326,6511,0.357241591153433,">0.3"
"844","HU211","Fejér",3224,9039,0.356676623520301,">0.3"
"845","FR722","Cantal",2113,5928,0.356443994601889,">0.3"
"846","NL341","Zeeuwsch-Vlaanderen",2984,8377,0.356213441566193,">0.3"
"847","ITI43","Roma",15853,44857,0.353411953541253,">0.3"
"848","HU312","Heves",1970,5575,0.353363228699552,">0.3"
"849","FR412","Meuse",1714,4857,0.352892732139181,">0.3"
"850","DE225","Freyung-Grafenau",202,575,0.351304347826087,">0.3"
"851","RO315","Ialomiţa",86,245,0.351020408163265,">0.3"
"852","AT321","Lungau",188,537,0.350093109869646,">0.3"
"853","EL412","Ικαρία, Σάμος (Ikaria, Samos)",64,183,0.349726775956284,">0.3"
"854","PL633","Trójmiejski",9648,27683,0.348517140483329,">0.3"
"855","AT113","Südburgenland",618,1780,0.347191011235955,">0.3"
"856","DEG0G","Weimarer Land",973,2808,0.346509971509972,">0.3"
"857","SE212","Kronobergs län",5402,15595,0.346393074703431,">0.3"
"858","NL327","Het Gooi en Vechtstreek",5667,16389,0.345780706571481,">0.3"
"859","BE251","Arr. Brugge",11314,32890,0.343995135299483,">0.3"
"860","BE254","Arr. Kortrijk",16059,46758,0.343449249326318,">0.3"
"861","PL324","Przemyski",2753,8035,0.342626011200996,">0.3"
"862","ITC46","Bergamo",14690,42955,0.341985799092073,">0.3"
"863","NL332","Agglomeratie 's-Gravenhage",15071,44138,0.341451810231547,">0.3"
"864","PL623","Ełcki",2539,7456,0.340531115879828,">0.3"
"865","BE231","Arr. Aalst",5997,17656,0.339657906660625,">0.3"
"866","FRA50","Mayotte",613,1811,0.338487023743788,">0.3"
"867","BE256","Arr. Roeselare",8598,25505,0.337110370515585,">0.3"
"868","RO411","Dolj",1089,3238,0.336318715256331,">0.3"
"869","AT111","Mittelburgenland",169,505,0.334653465346535,">0.3"
"870","FRA20","Martinique",2243,6703,0.334626286737282,">0.3"
"871","PL345","Suwalski",2236,6685,0.334480179506358,">0.3"
"872","NL324","Agglomeratie Haarlem",4595,13766,0.333793404038937,">0.3"
"873","PT16H","Beira Baixa",740,2220,0.333333333333333,">0.3"
"874","SE125","Västmanlands län",5973,17973,0.332331831079953,">0.3"
"875","PL344","Łomżyński",2267,6853,0.330804027433241,">0.3"
"876","BE221","Arr. Hasselt",15142,45869,0.330114020362336,">0.3"
"877","EL653","Λακωνία, Μεσσηνία (Lakonia, Messinia)",401,1216,0.329769736842105,">0.3"
"878","LV006","Rīga",3113,9520,0.326995798319328,">0.3"
"879","PL524","Opolski",4631,14197,0.326195675142636,">0.3"
"880","PT300","Região Autónoma da Madeira",559,1714,0.326137689614936,">0.3"
"881","PT112","Cávado",1538,4752,0.323653198653199,">0.3"
"882","BE324","Arr. Mouscron",1695,5239,0.323535025768276,">0.3"
"883","HU311","Borsod-Abaúj-Zemplén",1861,5763,0.322922089189658,">0.3"
"884","BE236","Arr. Sint-Niklaas",8041,24987,0.321807339816705,">0.3"
"885","NL33A","Zuidoost-Zuid-Holland",9660,30079,0.321154293693274,">0.3"
"886","HU331","Bács-Kiskun",1918,5987,0.32036078169367,">0.3"
"887","NL413","Noordoost-Noord-Brabant",21206,66646,0.318188638477928,">0.3"
"888","NL322","Alkmaar en omgeving",5060,15942,0.317400577091958,">0.3"
"889","CZ041","Karlovarský kraj",2088,6580,0.317325227963526,">0.3"
"890","PL22A","Katowicki",9314,29443,0.316340046870224,">0.3"
"891","NL325","Zaanstreek",3121,9882,0.315826755717466,">0.3"
"892","AT222","Liezen",767,2441,0.31421548545678,">0.3"
"893","EL611","Καρδίτσα, Τρίκαλα (Karditsa, Trikala)",48,153,0.313725490196078,">0.3"
"894","ITH10","Bolzano-Bozen",4702,14994,0.31359210350807,">0.3"
"895","BE258","Arr. Veurne",2101,6711,0.313068097153926,">0.3"
"896","PT11E","Terras de Trás-os-Montes",3560,11404,0.312171168011224,">0.3"
"897","HU222","Vas",1682,5397,0.31165462293867,">0.3"
"898","NL310","Utrecht",48806,156641,0.311578705447488,">0.3"
"899","DE714","Wiesbaden, Kreisfreie Stadt",341,1097,0.310847766636281,">0.3"
"900","AT334","Tiroler Oberland",807,2597,0.310743165190605,">0.3"
"901","HU221","Győr-Moson-Sopron",2580,8303,0.310731061062267,">0.3"
"902","BG411","София (столица) (Sofia (stolitsa))",17379,56171,0.309394527425184,">0.3"
"903","BE233","Arr. Eeklo",2084,6739,0.309244695058614,">0.3"
"904","PL523","Nyski",2129,6894,0.308819263127357,">0.3"
"905","HR042","Zagrebačka županija",2960,9591,0.308622667083724,">0.3"
"906","BE235","Arr. Oudenaarde",3346,10858,0.30815988211457,">0.3"
"907","SE331","Västerbottens län",5821,18903,0.307940538538856,">0.3"
"908","HU322","Jász-Nagykun-Szolnok",1195,3884,0.307672502574665,">0.3"
"909","NL423","Zuid-Limburg",10588,34505,0.306854079118968,">0.3"
"910","PL613","Bydgosko-toruński",5751,18749,0.306736359272495,">0.3"
"911","AT212","Oberkärnten",501,1635,0.306422018348624,">0.3"
"912","PL514","Miasto Wrocław",20815,67946,0.306346216112795,">0.3"
"913","HU213","Veszprém",2010,6574,0.305749923942805,">0.3"
"914","BE257","Arr. Tielt",5415,17770,0.30472706809229,">0.3"
"915","PL218","Nowosądecki",2407,7905,0.3044908285895,">0.3"
"916","LT002","Kauno apskritis",3997,13130,0.304417364813404,">0.3"
"917","DE943","Oldenburg (Oldenburg), Kreisfreie Stadt",7,23,0.304347826086957,">0.3"
"918","ITF64","Vibo Valentia",434,1427,0.304134548002803,">0.3"
"919","ITF61","Cosenza",1561,5174,0.301700811751063,">0.3"
"920","BE341","Arr. Arlon",521,1729,0.30133024869867,">0.3"
"921","FI197","Pirkanmaa",2858,9513,0.300430989172711,">0.3"
"922","ES511","Barcelona",36394,121262,0.30012699774043,">0.3"
"923","PL217","Tarnowski",4268,14268,0.299130922343706,">0.2"
"924","SE332","Norrbottens län",4873,16328,0.2984443900049,">0.2"
"925","PT111","Alto Minho",1864,6275,0.297051792828685,">0.2"
"926","ITF33","Napoli",4312,14545,0.296459264352011,">0.2"
"927","BE252","Arr. Diksmuide",1428,4822,0.296142679386147,">0.2"
"928","PL415","Miasto Poznań",8512,28761,0.295956329752095,">0.2"
"929","BE255","Arr. Oostende",3089,10450,0.295598086124402,">0.2"
"930","EL524","Πέλλα (Pella)",66,224,0.294642857142857,">0.2"
"931","HU233","Tolna",931,3169,0.293783527926791,">0.2"
"932","ITH44","Trieste",1959,6673,0.293571107447924,">0.2"
"933","DEE04","Altmarkkreis Salzwedel",125,426,0.293427230046948,">0.2"
"934","EL644","Φθιώτιδα (Fthiotida)",22,75,0.293333333333333,">0.2"
"935","NL213","Twente",13814,47122,0.29315394083443,">0.2"
"936","ITC33","Genova",3521,12024,0.292831004657352,">0.2"
"937","ITH55","Bologna",13761,47018,0.292675145688885,">0.2"
"938","EL526","Σέρρες (Serres)",31,106,0.292452830188679,">0.2"
"939","NL321","Kop van Noord-Holland",4551,15619,0.291375888341123,">0.2"
"940","BE232","Arr. Dendermonde",4256,14663,0.290254381777262,">0.2"
"941","SE321","Västernorrlands län",3873,13371,0.289656719766659,">0.2"
"942","ITC15","Novara",4050,13984,0.289616704805492,">0.2"
"943","PL432","Zielonogórski",3016,10423,0.289360069078001,">0.2"
"944","NL211","Noord-Overijssel",18124,62880,0.28823155216285,">0.2"
"945","PL213","Miasto Kraków",37380,129818,0.287941579750112,">0.2"
"946","PL424","Miasto Szczecin",3911,13718,0.285099868785537,">0.2"
"947","ES300","Madrid",38838,136324,0.284894809424606,">0.2"
"948","EL543","Ιωάννινα (Ioannina)",111,390,0.284615384615385,">0.2"
"949","ITC4D","Monza e della Brianza",7382,25956,0.284404376637386,">0.2"
"950","ES614","Granada",2686,9458,0.283992387396913,">0.2"
"951","ITF47","Bari",3289,11588,0.283828098032447,">0.2"
"952","BE334","Arr. Waremme",347,1227,0.28280358598207,">0.2"
"953","BG325","Силистра (Silistra)",340,1205,0.282157676348548,">0.2"
"954","EL612","Λάρισα (Larisa)",163,580,0.281034482758621,">0.2"
"955","PT16F","Região de Leiria",2745,9831,0.279218797680806,">0.2"
"956","SE221","Blekinge län",2395,8599,0.278520758227701,">0.2"
"957","SE124","Örebro län",4948,17787,0.278180693765109,">0.2"
"958","ITI14","Firenze",5852,21093,0.277438012610819,">0.2"
"959","CZ080","Moravskoslezský kraj",4950,17858,0.277186695038638,">0.2"
"960","NL113","Overig Groningen",8634,31294,0.275899533456893,">0.2"
"961","NL412","Midden-Noord-Brabant",12549,45561,0.275432936063739,">0.2"
"962","PL343","Białostocki",2633,9562,0.275360803179251,">0.2"
"963","NL338","Oost-Zuid-Holland",4282,15586,0.274733735403567,">0.2"
"964","BE223","Arr. Tongeren",3107,11320,0.274469964664311,">0.2"
"965","NL323","IJmond",2232,8143,0.274100454377993,">0.2"
"966","BE326","Arr. Thuin",327,1202,0.272046589018303,">0.2"
"967","HR041","Grad Zagreb",4043,14929,0.270815191908366,">0.2"
"968","NL226","Arnhem/Nijmegen",18468,68312,0.270347815903502,">0.2"
"969","SE211","Jönköpings län",6896,25518,0.270240614468219,">0.2"
"970","ITC41","Varese",6654,24787,0.268447169887441,">0.2"
"971","PL314","Lubelski",3599,13430,0.267982129560685,">0.2"
"972","ITH36","Padova",7904,29564,0.267352185089974,">0.2"
"973","NL122","Zuidwest-Friesland",1564,5861,0.266848660638116,">0.2"
"974","SK042","Košický kraj",3242,12236,0.264955867930696,">0.2"
"975","RO112","Bistriţa-Năsăud",1384,5236,0.264323911382735,">0.2"
"976","NL225","Achterhoek",7506,28397,0.264323696165088,">0.2"
"977","EL521","Ημαθία (Imathia)",14,53,0.264150943396226,">0.2"
"978","SE313","Gävleborgs län",3971,15047,0.263906426530205,">0.2"
"979","DEF02","Kiel, Kreisfreie Stadt",311,1183,0.262890955198648,">0.2"
"980","NL422","Midden-Limburg",5818,22316,0.260709804624485,">0.2"
"981","NL342","Overig Zeeland",4778,18339,0.260537651998473,">0.2"
"982","PL312","Chełmsko-zamojski",2249,8653,0.259909857852768,">0.2"
"983","PL621","Elbląski",2675,10304,0.259607919254658,">0.2"
"984","NL230","Flevoland",8069,31145,0.259078503772676,">0.2"
"985","PT16G","Viseu Dão Lafões",2788,10808,0.257957068837898,">0.2"
"986","ITH31","Verona",7361,28536,0.257954864031399,">0.2"
"987","BE351","Arr. Dinant",505,1967,0.256736146415862,">0.2"
"988","PT11B","Alto Tâmega",143,559,0.255813953488372,">0.2"
"989","ITH54","Modena",9556,37425,0.255337341349365,">0.2"
"990","NL224","Zuidwest-Gelderland",4387,17212,0.254880316058564,">0.2"
"991","CZ042","Ústecký kraj",2711,10650,0.254553990610329,">0.2"
"992","BE331","Arr. Huy",545,2145,0.254079254079254,">0.2"
"993","PL325","Rzeszowski",3208,12676,0.253076680340801,">0.2"
"994","ITI44","Latina",1878,7424,0.252963362068966,">0.2"
"995","ITC42","Como",4161,16452,0.25291757840992,">0.2"
"996","BE343","Arr. Marche-en-Famenne",208,823,0.25273390036452,">0.2"
"997","PT150","Algarve",1557,6165,0.252554744525547,">0.2"
"998","ITF65","Reggio di Calabria",272,1077,0.25255338904364,">0.2"
"999","DE126","Mannheim, Stadtkreis",461,1829,0.252050300710771,">0.2"
"1000","PT11C","Tâmega e Sousa",664,2637,0.251801289343951,">0.2"
"1001","HU332","Békés",763,3042,0.250821827744905,">0.2"
"1002","ITH52","Parma",5631,22459,0.250723540674117,">0.2"
"1003","ITC49","Lodi",1745,6975,0.250179211469534,">0.2"
"1004","DE273","Kempten (Allgäu), Kreisfreie Stadt",9,36,0.25,">0.2"
"1005","ITI12","Lucca",1694,6799,0.249154287395205,">0.2"
"1006","CZ063","Kraj Vysočina",2157,8658,0.249133749133749,">0.2"
"1007","ITC13","Biella",1231,4948,0.248787388843977,">0.2"
"1008","ITC20","Valle d'Aosta/Vallée d'Aoste",1136,4567,0.248740967812568,">0.2"
"1009","ITI19","Siena",1067,4347,0.245456636760985,">0.2"
"1010","PL224","Częstochowski",4203,17182,0.244616459085089,">0.2"
"1011","ITH34","Treviso",7552,30911,0.244314321762479,">0.2"
"1012","CZ031","Jihočeský kraj",2533,10385,0.243909484833895,">0.2"
"1013","ITH35","Venezia",6277,25746,0.243804862891323,">0.2"
"1014","PL426","Koszaliński",2620,10770,0.243268337975859,">0.2"
"1015","EL533","Φλώρινα (Florina)",42,173,0.242774566473988,">0.2"
"1016","ITC34","La Spezia",709,2928,0.242144808743169,">0.2"
"1017","PL636","Słupski",3246,13426,0.241769700580962,">0.2"
"1018","PT186","Alto Alentejo",258,1068,0.241573033707865,">0.2"
"1019","NL221","Veluwe",13828,57254,0.241520243127118,">0.2"
"1020","PL331","Kielecki",2363,9784,0.241516762060507,">0.2"
"1021","NL132","Zuidoost-Drenthe",1823,7551,0.241424976824262,">0.2"
"1022","DE144","Ulm, Stadtkreis",105,436,0.240825688073394,">0.2"
"1023","BE344","Arr. Neufchâteau",508,2112,0.240530303030303,">0.2"
"1024","CZ032","Plzeňský kraj",2963,12326,0.240386175563849,">0.2"
"1025","ITH59","Rimini",2612,10902,0.23958906622638,">0.2"
"1026","ITH41","Pordenone",3399,14237,0.238744117440472,">0.2"
"1027","EL513","Ροδόπη (Rodopi)",177,742,0.238544474393531,">0.2"
"1028","BE353","Arr. Philippeville",188,789,0.238276299112801,">0.2"
"1029","ITH32","Vicenza",7664,32191,0.238078966170669,">0.2"
"1030","CZ020","Středočeský kraj",5043,21240,0.237429378531073,">0.2"
"1031","ITC32","Savona",1216,5124,0.237314597970336,">0.2"
"1032","ITF51","Potenza",1047,4422,0.236770691994573,">0.2"
"1033","ES617","Málaga",3989,16879,0.236329166419812,">0.2"
"1034","EL642","Εύβοια (Evvoia)",206,872,0.236238532110092,">0.2"
"1035","HU323","Szabolcs-Szatmár-Bereg",1569,6644,0.236152919927754,">0.2"
"1036","BG312","Монтана (Montana)",218,926,0.235421166306695,">0.2"
"1037","PL114","Łódzki",3021,12844,0.235207100591716,">0.2"
"1038","SE311","Värmlands län",3120,13288,0.234798314268513,">0.2"
"1039","EL542","Θεσπρωτία (Thesprotia)",23,98,0.23469387755102,">0.2"
"1040","PT16E","Região de Coimbra",1257,5382,0.23355629877369,">0.2"
"1041","CZ071","Olomoucký kraj",2629,11350,0.231629955947137,">0.2"
"1042","ITH33","Belluno",1279,5526,0.231451321027868,">0.2"
"1043","SE122","Södermanlands län",3648,15782,0.231149410721075,">0.2"
"1044","NL121","Noord-Friesland",5242,22684,0.231087991535884,">0.2"
"1045","SK032","Banskobystrický kraj",2580,11167,0.231037879466285,">0.2"
"1046","NL212","Zuidwest-Overijssel",2888,12501,0.231021518278538,">0.2"
"1047","ITI11","Massa-Carrara",722,3139,0.230009557183816,">0.2"
"1048","PL127","Miasto Warszawa",32695,142398,0.229602943861571,">0.2"
"1049","SE312","Dalarnas län",3640,15888,0.229103726082578,">0.2"
"1050","BE342","Arr. Bastogne",425,1856,0.228987068965517,">0.2"
"1051","ITG17","Catania",1307,5709,0.228936766509021,">0.2"
"1052","EE001","Põhja-Eesti",3120,13630,0.228906823184153,">0.2"
"1053","DEE03","Magdeburg, Kreisfreie Stadt",231,1011,0.228486646884273,">0.2"
"1054","CZ051","Liberecký kraj",1445,6328,0.228350189633375,">0.2"
"1055","CZ052","Královéhradecký kraj",2148,9452,0.227253491324587,">0.2"
"1056","LT003","Klaipėdos apskritis",1043,4606,0.22644376899696,">0.2"
"1057","ITH58","Forlì-Cesena",2913,12913,0.225586618136761,">0.2"
"1058","ITH51","Piacenza",2744,12173,0.22541690626797,">0.2"
"1059","NL123","Zuidoost-Friesland",3800,16860,0.225385527876631,">0.2"
"1060","ITF63","Catanzaro",705,3133,0.225023938716885,">0.2"
"1061","EL633","Ηλεία (Ileia)",90,400,0.225,">0.2"
"1062","FI195","Pohjanmaa",573,2560,0.223828125,">0.2"
"1063","ITF32","Benevento",584,2610,0.223754789272031,">0.2"
"1064","PT16D","Região de Aveiro",520,2329,0.223271790468012,">0.2"
"1065","NL112","Delfzijl en omgeving",434,1949,0.22267829656234,">0.2"
"1066","ITC43","Lecco",2505,11253,0.222607304718742,">0.2"
"1067","ITG27","Cagliari",1055,4748,0.222198820556024,">0.2"
"1068","ITH43","Gorizia",1044,4719,0.221233312142403,">0.2"
"1069","ITI21","Perugia",2370,10733,0.220814311003447,">0.2"
"1070","EL523","Κιλκίς (Kilkis)",32,145,0.220689655172414,">0.2"
"1071","ITH53","Reggio nell'Emilia",2728,12383,0.220302026972462,">0.2"
"1072","PL113","Miasto Łódź",24994,113649,0.219922744590801,">0.2"
"1073","ES630","Ceuta",179,814,0.21990171990172,">0.2"
"1074","ITI17","Pisa",1674,7676,0.218082334549244,">0.2"
"1075","ITC16","Cuneo",3477,15969,0.217734360323126,">0.2"
"1076","CZ053","Pardubický kraj",2393,10999,0.217565233203018,">0.2"
"1077","ITH20","Trento",3691,16989,0.217258225910884,">0.2"
"1078","PT184","Baixo Alentejo",2221,10245,0.216788677403612,">0.2"
"1079","ITI45","Frosinone",1183,5462,0.216587330648114,">0.2"
"1080","EL514","Δράμα (Drama)",102,471,0.21656050955414,">0.2"
"1081","PL416","Kaliski",4279,19766,0.216482849337246,">0.2"
"1082","PL517","Wałbrzyski",4249,19666,0.216058171463439,">0.2"
"1083","ITC11","Torino",10116,47140,0.214594823928723,">0.2"
"1084","ITF43","Taranto",683,3184,0.214510050251256,">0.2"
"1085","DE804","Schwerin, Kreisfreie Stadt",21,98,0.214285714285714,">0.2"
"1086","ITC12","Vercelli",1117,5231,0.213534696998662,">0.2"
"1087","EL411","Λέσβος, Λήμνος (Lesvos, Limnos)",86,403,0.213399503722084,">0.2"
"1088","ITI16","Livorno",1044,4906,0.212800652262536,">0.2"
"1089","ITH42","Udine",3704,17520,0.211415525114155,">0.2"
"1090","ITH57","Ravenna",3233,15316,0.21108644554714,">0.2"
"1091","PL619","Włocławski",3104,14742,0.210554877221544,">0.2"
"1092","ITF31","Caserta",1272,6047,0.210352240780552,">0.2"
"1093","EL525","Πιερία (Pieria)",21,100,0.21,">0.2"
"1094","NL131","Noord-Drenthe",3139,14994,0.209350406829398,">0.2"
"1095","CZ072","Zlínský kraj",1777,8491,0.209280414556589,">0.2"
"1096","LT001","Alytaus apskritis",187,895,0.208938547486034,">0.2"
"1097","ITF52","Matera",475,2274,0.208883025505717,">0.2"
"1098","ITF45","Lecce",1110,5327,0.208372442275202,">0.2"
"1099","ITG13","Messina",591,2838,0.208245243128964,">0.2"
"1100","ITC18","Alessandria",2552,12282,0.207783748575151,">0.2"
"1101","ITG25","Sassari",529,2550,0.207450980392157,">0.2"
"1102","ITG12","Palermo",934,4507,0.207233192811183,">0.2"
"1103","ITI32","Ancona",2219,10737,0.206668529384372,">0.2"
"1104","PL128","Radomski",5813,28129,0.206655053503502,">0.2"
"1105","ITC47","Brescia",7956,38664,0.205772811918063,">0.2"
"1106","PL418","Poznański",2591,12596,0.205700222292791,">0.2"
"1107","SE322","Jämtlands län",1437,7006,0.205109905795033,">0.2"
"1108","PL12C","Płocki",5754,28066,0.205016746241003,">0.2"
"1109","ITI15","Prato",1179,5753,0.204936554840953,">0.2"
"1110","ITF44","Brindisi",570,2784,0.204741379310345,">0.2"
"1111","EL511","Έβρος (Evros)",118,577,0.204506065857886,">0.2"
"1112","PL516","Legnicko-głogowski",5489,26878,0.204219063918446,">0.2"
"1113","ITH37","Rovigo",1143,5654,0.202157764414574,">0.2"
"1114","PL414","Koniński",4146,20509,0.202155151396948,">0.2"
"1115","ITF11","L'Aquila",692,3436,0.20139697322468,">0.2"
"1116","PL229","Gliwicki",3642,18115,0.201048854540436,">0.2"
"1117","ES611","Almería",1805,9000,0.200555555555556,">0.2"
"1118","SE231","Hallands län",3628,18091,0.200541705820574,">0.2"
"1119","ITC17","Asti",949,4734,0.200464723278411,">0.2"
"1120","NL133","Zuidwest-Drenthe",1733,8715,0.198852553069421,">0.1"
"1121","SE213","Kalmar län",2775,14098,0.19683643069939,">0.1"
"1122","PL431","Gorzowski",1121,5713,0.196219149308594,">0.1"
"1123","ITI22","Terni",583,2976,0.195900537634409,">0.1"
"1124","ITF35","Salerno",1358,6957,0.195199080063246,">0.1"
"1125","ES431","Badajoz",1193,6160,0.193668831168831,">0.1"
"1126","BE345","Arr. Virton",185,958,0.193110647181628,">0.1"
"1127","SI031","Pomurska",346,1794,0.192865105908584,">0.1"
"1128","ITC14","Verbano-Cusio-Ossola",582,3024,0.192460317460317,">0.1"
"1129","ITC48","Pavia",2261,11764,0.192196531791908,">0.1"
"1130","LT005","Panevėžio apskritis",344,1811,0.189950303699613,">0.1"
"1131","EL531","Γρεβενά, Κοζάνη (Grevena, Kozani)",49,259,0.189189189189189,">0.1"
"1132","EL515","Θάσος, Καβάλα (Thasos, Kavala)",64,339,0.188790560471976,">0.1"
"1133","ITI41","Viterbo",442,2356,0.187606112054329,">0.1"
"1134","LT009","Utenos apskritis",148,797,0.185696361355082,">0.1"
"1135","ITI18","Arezzo",1061,5717,0.185586846248032,">0.1"
"1136","LT008","Telšių apskritis",180,971,0.185375901132853,">0.1"
"1137","ITI42","Rieti",331,1788,0.185123042505593,">0.1"
"1138","ES616","Jaén",952,5149,0.184890269955331,">0.1"
"1139","PL219","Nowotarski",377,2052,0.183723196881092,">0.1"
"1140","ITI31","Pesaro e Urbino",1382,7527,0.18360568619636,">0.1"
"1141","PL12D","Ostrołęcki",2939,16097,0.182580605081692,">0.1"
"1142","PL618","Świecki",2165,11998,0.180446741123521,">0.1"
"1143","EL621","Ζάκυνθος (Zakynthos)",56,311,0.180064308681672,">0.1"
"1144","ITG18","Ragusa",363,2018,0.1798810703667,">0.1"
"1145","ITF48","Barletta-Andria-Trani",358,1994,0.179538615847543,">0.1"
"1146","LT006","Šiaulių apskritis",416,2323,0.179078777442962,">0.1"
"1147","NL111","Oost-Groningen",978,5468,0.178858814923189,">0.1"
"1148","ITF13","Pescara",988,5536,0.178468208092486,">0.1"
"1149","ITI1A","Grosseto",379,2130,0.177934272300469,">0.1"
"1150","PT185","Lezíria do Tejo",282,1587,0.177693761814745,">0.1"
"1151","PL515","Jeleniogórski",2169,12275,0.176700610997963,">0.1"
"1152","ITF14","Chieti",1110,6292,0.176414494596313,">0.1"
"1153","SK023","Nitriansky kraj",2773,15721,0.176388270466255,">0.1"
"1154","ITF46","Foggia",446,2542,0.175452399685287,">0.1"
"1155","SK021","Trnavský kraj",2144,12321,0.174011849687525,">0.1"
"1156","FI200","Åland",31,179,0.173184357541899,">0.1"
"1157","SE214","Gotlands län",539,3152,0.171002538071066,">0.1"
"1158","ITI33","Macerata",941,5536,0.169978323699422,">0.1"
"1159","ITF22","Campobasso",436,2567,0.169848071679003,">0.1"
"1160","ES513","Lleida",1771,10468,0.169182269774551,">0.1"
"1161","PL12E","Siedlecki",4191,24861,0.168577289730904,">0.1"
"1162","ITF12","Teramo",764,4584,0.166666666666667,">0.1"
"1163","ITI13","Pistoia",608,3653,0.166438543662743,">0.1"
"1164","LT004","Marijampolės apskritis",133,808,0.16460396039604,">0.1"
"1165","PL638","Starogardzki",1904,11641,0.163559831629585,">0.1"
"1166","ES521","Alicante / Alacant",2751,16888,0.162896731406916,">0.1"
"1167","SK022","Trenčiansky kraj",1845,11361,0.162397676260893,">0.1"
"1168","PL311","Bialski",698,4307,0.162061759925702,">0.1"
"1169","LT007","Tauragės apskritis",79,491,0.160896130346232,">0.1"
"1170","ITC4B","Mantova",1806,11235,0.160747663551402,">0.1"
"1171","PL12A","Warszawski zachodni",4941,30893,0.159939144790082,">0.1"
"1172","ITC4A","Cremona",1767,11127,0.158802911836074,">0.1"
"1173","ITH56","Ferrara",1469,9273,0.158416909306589,">0.1"
"1174","ITI35","Fermo",336,2122,0.158341187558907,">0.1"
"1175","SK010","Bratislavský kraj",1379,8739,0.157798375100126,">0.1"
"1176","FI1C1","Varsinais-Suomi",989,6288,0.157283715012723,">0.1"
"1177","PL326","Tarnobrzeski",1269,8077,0.157112789402006,">0.1"
"1178","PL115","Piotrkowski",1687,10761,0.156769816931512,">0.1"
"1179","ITF62","Crotone",187,1198,0.156093489148581,">0.1"
"1180","FI1C5","Etelä-Karjala",239,1543,0.154893065456902,">0.1"
"1181","ITC31","Imperia",396,2559,0.154747948417351,">0.1"
"1182","ES709","Tenerife",870,5629,0.154556759637591,">0.1"
"1183","ITI34","Ascoli Piceno",466,3018,0.154406891981445,">0.1"
"1184","ITG29","Olbia-Tempio",303,1965,0.154198473282443,">0.1"
"1185","ES533","Menorca",53,346,0.153179190751445,">0.1"
"1186","ES532","Mallorca",993,6486,0.153098982423682,">0.1"
"1187","FI196","Satakunta",408,2678,0.152352501867065,">0.1"
"1188","ES422","Ciudad Real",666,4387,0.151812172327331,">0.1"
"1189","SK041","Prešovský kraj",1560,10313,0.151265393193057,">0.1"
"1190","FI193","Keski-Suomi",580,3884,0.149330587023687,">0.1"
"1191","PL228","Bytomski",1212,8216,0.147517039922103,">0.1"
"1192","ES523","Valencia / València",4561,30920,0.147509702457956,">0.1"
"1193","PL617","Inowrocławski",1062,7280,0.145879120879121,">0.1"
"1194","ITF34","Avellino",416,2876,0.144645340751043,">0.1"
"1195","ES130","Cantabria",1255,8683,0.144535298859841,">0.1"
"1196","ES242","Teruel",361,2510,0.143824701195219,">0.1"
"1197","PL22B","Sosnowiecki",2561,17946,0.14270589546417,">0.1"
"1198","ES512","Girona",2295,16298,0.140814823904774,">0.1"
"1199","PL616","Grudziądzki",1096,7889,0.138927620737736,">0.1"
"1200","ES640","Melilla",106,767,0.138200782268579,">0.1"
"1201","ES421","Albacete",725,5252,0.138042650418888,">0.1"
"1202","ITG15","Caltanissetta",170,1233,0.137875101378751,">0.1"
"1203","BG412","София (Sofia)",464,3375,0.137481481481481,">0.1"
"1204","ITF21","Isernia",159,1159,0.137187230371009,">0.1"
"1205","ITC44","Sondrio",457,3343,0.136703559676937,">0.1"
"1206","EE008","Lõuna-Eesti",976,7161,0.136293813713169,">0.1"
"1207","ES212","Gipuzkoa",1511,11306,0.133645851760127,">0.1"
"1208","ES618","Sevilla",2099,15792,0.132915400202634,">0.1"
"1209","LV007","Pierīga",661,5001,0.132173565286943,">0.1"
"1210","EE004","Lääne-Eesti",431,3285,0.131202435312024,">0.1"
"1211","ES213","Bizkaia",2150,16498,0.130318826524427,">0.1"
"1212","PL225","Bielski",828,6362,0.130147752279158,">0.1"
"1213","ES415","Salamanca",496,3842,0.129099427381572,">0.1"
"1214","PL428","Szczeciński",1122,8745,0.128301886792453,">0.1"
"1215","ES220","Navarra",1514,11852,0.127742153223085,">0.1"
"1216","ITG11","Trapani",261,2045,0.127628361858191,">0.1"
"1217","ES412","Burgos",759,5969,0.127156977718211,">0.1"
"1218","SK031","Žilinský kraj",1589,12603,0.126081091803539,">0.1"
"1219","ITG14","Agrigento",296,2355,0.125690021231423,">0.1"
"1220","HR04A","Brodsko-posavska županija",79,638,0.123824451410658,">0.1"
"1221","FI1C4","Kymenlaakso",230,1858,0.123789020452099,">0.1"
"1222","ES120","Asturias",1577,12772,0.123473222674601,">0.1"
"1223","LV003","Kurzeme",337,2731,0.123398022702307,">0.1"
"1224","PL518","Wrocławski",1023,8331,0.12279438242708,">0.1"
"1225","EL643","Ευρυτανία (Evrytania)",5,41,0.121951219512195,">0.1"
"1226","ES620","Murcia",1644,13601,0.120873465186383,">0.1"
"1227","ITG28","Oristano",210,1740,0.120689655172414,">0.1"
"1228","ITG2C","Carbonia-Iglesias",105,879,0.119453924914676,">0.1"
"1229","BG425","Кърджали (Kardzhali)",710,6012,0.118097139055223,">0.1"
"1230","PL214","Krakowski",934,7921,0.117914404746875,">0.1"
"1231","ES243","Zaragoza",1775,15185,0.116891669410603,">0.1"
"1232","LV008","Vidzeme",347,2970,0.116835016835017,">0.1"
"1233","FI1D2","Pohjois-Savo",371,3183,0.11655670750864,">0.1"
"1234","PL411","Pilski",2288,19714,0.11605965303845,">0.1"
"1235","PL332","Sandomiersko-jędrzejowski",640,5516,0.116026105873822,">0.1"
"1236","ES514","Tarragona",1466,12721,0.115242512381102,">0.1"
"1237","ES114","Pontevedra",1080,9426,0.11457670273711,">0.1"
"1238","PL129","Warszawski wschodni",1357,11849,0.114524432441556,">0.1"
"1239","BG341","Бургас (Burgas)",1241,10874,0.114125436821777,">0.1"
"1240","ES423","Cuenca",311,2733,0.113794365166484,">0.1"
"1241","PL315","Puławski",499,4386,0.113771089831281,">0.1"
"1242","SI041","Osrednjeslovenska",860,7587,0.113351785949651,">0.1"
"1243","ES111","A Coruña",1175,10436,0.112591031046378,">0.1"
"1244","ES211","Araba/Álava",892,7923,0.112583617316673,">0.1"
"1245","PL12B","Ciechanowski",315,2811,0.112059765208111,">0.1"
"1246","PL22C","Tyski",567,5148,0.11013986013986,">0.1"
"1247","ITG26","Nuoro",215,1981,0.108531044926805,">0.1"
"1248","PL417","Leszczyński",641,5992,0.106975967957276,">0.1"
"1249","BG421","Пловдив (Plovdiv)",1622,15473,0.104827764492988,">0.1"
"1250","BG343","Ямбол (Yambol)",282,2712,0.103982300884956,">0.1"
"1251","PL427","Szczecinecko-pyrzycki",2569,24712,0.103957591453545,">0.1"
"1252","PL637","Chojnicki",184,1771,0.103896103896104,">0.1"
"1253","PL323","Krośnieński",328,3188,0.10288582183187,">0.1"
"1254","ES705","Gran Canaria",362,3552,0.101914414414414,">0.1"
"1255","ES416","Segovia",247,2429,0.101687937422808,">0.1"
"1256","ES413","León",607,5983,0.101454120006686,">0.1"
"1257","ES414","Palencia",251,2483,0.101087394281112,">0.1"
"1258","FI1D3","Pohjois-Karjala",216,2141,0.100887435777674,">0.1"
"1259","BG331","Варна (Varna)",1104,10943,0.100886411404551,">0.1"
"1260","LV009","Zemgale",280,2844,0.0984528832630098,">0.09"
"1261","PL227","Rybnicki",516,5298,0.0973952434881087,">0.09"
"1262","ES613","Córdoba",488,5029,0.0970371843308809,">0.09"
"1263","PL116","Sieradzki",303,3129,0.0968360498561841,">0.09"
"1264","ES704","Fuerteventura",23,242,0.0950413223140496,">0.09"
"1265","LV005","Latgale",235,2477,0.0948728300363343,">0.09"
"1266","ES615","Huelva",328,3542,0.0926030491247883,">0.09"
"1267","ES531","Eivissa y Formentera",71,772,0.0919689119170984,">0.09"
"1268","SI032","Podravska",307,3344,0.0918062200956938,">0.09"
"1269","ES113","Ourense",260,2836,0.0916784203102962,">0.09"
"1270","FI1C3","Päijät-Häme",229,2502,0.0915267785771383,">0.09"
"1271","PL21A","Oświęcimski",392,4306,0.0910357640501626,">0.09"
"1272","FI1C2","Kanta-Häme",211,2345,0.0899786780383795,">0.08"
"1273","ES417","Soria",142,1604,0.0885286783042394,">0.08"
"1274","EE006","Kesk-Eesti",198,2245,0.088195991091314,">0.08"
"1275","ITG2B","Medio Campidano",56,644,0.0869565217391304,">0.08"
"1276","BG333","Шумен (Shumen)",213,2451,0.0869033047735618,">0.08"
"1277","ES425","Toledo",683,7860,0.0868956743002545,">0.08"
"1278","ES708","Lanzarote",64,740,0.0864864864864865,">0.08"
"1279","ES703","El Hierro",19,220,0.0863636363636364,">0.08"
"1280","ES418","Valladolid",743,8637,0.0860252402454556,">0.08"
"1281","ES112","Lugo",302,3532,0.0855039637599094,">0.08"
"1282","ES241","Huesca",359,4211,0.0852529090477321,">0.08"
"1283","ES432","Cáceres",328,3895,0.0842105263157895,">0.08"
"1284","SI036","Posavska",63,749,0.0841121495327103,">0.08"
"1285","ES230","La Rioja",411,4922,0.0835026412027631,">0.08"
"1286","ES419","Zamora",171,2059,0.0830500242836328,">0.08"
"1287","ITG2A","Ogliastra",67,823,0.0814094775212637,">0.08"
"1288","BG323","Русе (Ruse)",275,3414,0.0805506736965436,">0.08"
"1289","FI1D4","Kainuu",77,959,0.0802919708029197,">0.08"
"1290","BG344","Стара Загора (Stara Zagora)",633,7911,0.0800151687523701,">0.08"
"1291","ES522","Castellón / Castelló",707,8860,0.0797968397291196,">0.07"
"1292","SI044","Obalno-kraška",157,1975,0.079493670886076,">0.07"
"1293","BG322","Габрово (Gabrovo)",179,2256,0.0793439716312057,">0.07"
"1294","PL117","Skierniewicki",425,5369,0.0791581300055876,">0.07"
"1295","EE007","Kirde-Eesti",142,1818,0.0781078107810781,">0.07"
"1296","FI1D7","Lappi",199,2552,0.0779780564263323,">0.07"
"1297","SI034","Savinjska",243,3155,0.0770206022187005,">0.07"
"1298","BG321","Велико Търново (Veliko Tarnovo)",235,3072,0.0764973958333333,">0.07"
"1299","PL634","Gdański",550,7265,0.075705437026841,">0.07"
"1300","FI194","Etelä-Pohjanmaa",176,2381,0.0739185216295674,">0.07"
"1301","ES411","Ávila",103,1394,0.0738880918220947,">0.07"
"1302","FI1D1","Etelä-Savo",125,1734,0.0720876585928489,">0.07"
"1303","PL622","Olsztyński",293,4169,0.0702806428400096,">0.07"
"1304","ES707","La Palma",21,307,0.0684039087947883,">0.06"
"1305","SI042","Gorenjska",173,2547,0.0679230467216333,">0.06"
"1306","SI038","Primorsko-notranjska",39,593,0.0657672849915683,">0.06"
"1307","SI037","Jugovzhodna Slovenija",126,1929,0.0653188180404355,">0.06"
"1308","FI1D5","Keski-Pohjanmaa",64,993,0.0644511581067472,">0.06"
"1309","SI043","Goriška",120,1900,0.0631578947368421,">0.06"
"1310","BG314","Плевен (Pleven)",170,2722,0.0624540778839089,">0.06"
"1311","BG334","Търговище (Targovishte)",94,1548,0.0607235142118863,">0.06"
"1312","BG413","Благоевград (Blagoevgrad)",240,4004,0.0599400599400599,">0.05"
"1313","SI033","Koroška",58,1070,0.0542056074766355,">0.05"
"1314","BG422","Хасково (Haskovo)",258,4809,0.0536494073611978,">0.05"
"1315","ES706","La Gomera",3,59,0.0508474576271186,">0.05"
"1316","BG311","Видин (Vidin)",44,879,0.0500568828213879,">0.05"
"1317","BG324","Разград (Razgrad)",71,1441,0.0492713393476752,">0.04"
"1318","BG332","Добрич (Dobrich)",118,2591,0.0455422616750289,">0.04"
"1319","BG315","Ловеч (Lovech)",31,710,0.0436619718309859,">0.04"
"1320","SI035","Zasavska",25,599,0.0417362270450751,">0.04"
"1321","BG415","Кюстендил (Kyustendil)",39,1024,0.0380859375,">0.03"
"1322","BG342","Сливен (Sliven)",57,1575,0.0361904761904762,">0.03"
"1323","BG414","Перник (Pernik)",42,1193,0.0352053646269908,">0.03"
"1324","BG313","Враца (Vratsa)",78,2436,0.0320197044334975,">0.03"
"1325","BG423","Пазарджик (Pazardzhik)",68,2125,0.032,">0.03"
